Date(UTC+0),Coin,Network,Amount,Fee,Address,TXID,Status
25-10-17 08:47:55,ETH,ARBITRUM,0.01231447,0.00004,0xC4A013b3aBa908fcc2dB1Fe7C58BE42e86f42De4,0xc44dde77d0f5746898ee48afb9da7db2b2d6be6638eeead7e2c20f56deb743ae,Completed
25-10-03 16:45:25,ETH,ETH,0.65108322,0.0002,0x72a778c40317E6A90E50C43dE6045C66BAABB715,0xfc8497f7c12a5bde2cd0c6ee66936d4738cf5f2ccc7b28c8220de7862e70c53e,Completed
25-10-03 16:41:45,USDT,ETH,635.795175,1.2,0xB49D2bBdbB06cAcf455b3deBAf933D0E48516b8A,0xa0819ef8dc420dd32c81e104e90995d604fec0cdf653e291982e2cbdf275321f,Completed
25-08-04 17:24:03,USDT,ETH,587.61121,1.5,0xB49D2bBdbB06cAcf455b3deBAf933D0E48516b8A,0x3b6d295f1bd58165b4bf7d8cc1c1c317bf227a0b5eebe7b7f37fbfa5037f29ab,Completed
25-08-04 13:48:36,USDT,ETH,240.69,1.5,0xB49D2bBdbB06cAcf455b3deBAf933D0E48516b8A,0x236ae8c5ae3204130b27d9677c06aba4674685e6d15bc8dd9426f220541410f5,Completed
25-05-04 13:13:46,ETH,ETH,0.0122871,0.0006,0x7777777777cC2fC74Ed213198a23a0DcA2d90aE8,0xcc866c0f4e9fd57d424788efc889a31ddca5fbdaf6b4e89f1f9fcfb2db32ec2c,Completed
25-03-16 23:41:31,USDT,ETH,534.590626,2.5,0xB49D2bBdbB06cAcf455b3deBAf933D0E48516b8A,0x8e434fae646957c0a3684478ed4d76c004fdb06b51db9939b23423c3fe19d1de,Completed
25-03-16 12:34:51,USDT,ETH,334.446714,2.5,0xFD875346ABe8460318DC36ABf9d01529Dd8dBCDD,0x28a8d2ad64e4da098bb6a5105a9d5c990fc0a574da74e48db3113a3804e11dd7,Completed
25-01-31 11:34:15,POL,MATIC,268.01129918,0.08,0xAB064F293078f50bC17AaECc3F6bc6490bce8Bac,0xa1545fd0486c9e69de44047c33dfd6955a7c4a091e63427ab6f7eee572e33e63,Completed
25-01-12 12:42:30,LTC,LTC,0.04708079,0.0001,LPMDBoPtLGp81WTPykkmQ4dFgJhzctBrCw,7aa5a129d1f3002f32ac9e39375160781f758e4a720e4b6b3b21f4fa8dd91aca,Completed
24-09-08 13:49:16,USDT,ETH,35,4,0xA0bc82453b2f94f9878728d4616fBbaBca979e29,0x78ba3579ac8f939c8acd387598203dd54d1584270ab80878721effbd1978ddfa,Completed
24-03-12 15:20:07,AVAX,AVAXC,0.976,0.004,0xAB064F293078f50bC17AaECc3F6bc6490bce8Bac,0xb7c3eaf77689d01151eb0ea3e29332898c191232f6b8eed4ff126f73bb150c5c,Completed
24-03-11 16:53:19,ETH,ETH,0.0334625,0.004,0xB49D2bBdbB06cAcf455b3deBAf933D0E48516b8A,0x280960abe138a4810c5f2fdc652e8ac97ed7bee4a860c4dc46ef5771e62608db,Completed
24-03-11 13:19:17,ETH,ETH,0.0210753,0.0036,0xB49D2bBdbB06cAcf455b3deBAf933D0E48516b8A,0xfdc6c2b49a0626c5b96e35dcaafc33660bd261f057d5f2b9089b2ef088e7cbd9,Completed
24-03-10 21:00:17,LTC,LTC,0.157841,0.001,LSa7mZJHGrziegMXvBSwaRHhH9GL5zZSMZ,9b96c9564e843fc652497bd36a3b5d70264fcb3a4a03d5f11570e4e4068b168f,Completed
24-01-10 22:47:43,LTC,LTC,0.874124,0.001,LU3aAh4sdxE4MAwCd597ish2r1LpqbutkS,0a86b6ca8915f0df96c61580a93dfc889a5a178bf3b8caf9f991629593731a44,Completed
24-01-10 21:52:45,LTC,LTC,0.183815,0.001,LPhT6iMCiuioL13FJnXPEmitDRfZXTgbEL,8d4175618254f58b7b2bc2c2cbdff54f6e14c0ef4a95ef73f1e1b8b9d5f20a7c,Completed
24-01-10 21:07:12,LTC,LTC,0.171827,0.001,LLjsoJNE952jei1gdMoR8JtRrmtLungQGN,ef03e6089950aa94afff2f254e01023815f242cee1bb3378a3c646a6a9cc997c,Completed
24-01-06 19:23:32,LTC,LTC,1.399,0.001,LYfaqTuE7FCShohLmPbXYJQMZ5Lv6h7Xfz,55ac7f2ed8c11090f3b9e6e954f22b95a719d6712383f3bd6d88e29201406da8,Completed
23-12-25 22:55:14,LTC,LTC,1.003994,0.001,LeEuEqFdaHhD7aNCKenN4CVDgr4aXLAknN,8e42d922fd5a8c90e790a4a147f271feb57ec9d8f20c84ed07f2ca0d4453e121,Completed
23-12-10 18:36:33,ETH,ETH,0.0091876,0.0032,0xB49D2bBdbB06cAcf455b3deBAf933D0E48516b8A,0xfb8f7fedc21ed339724d77425fc4be974bd1e155caf54b155936c2e88c414f56,Completed
23-12-10 18:00:25,ETH,ETH,0.0078867,0.0032,0xB49D2bBdbB06cAcf455b3deBAf933D0E48516b8A,0xb8eae7a5c8db2f8e167dc5c19d5450859646517dacf601f0166112e13d6e660d,Completed
23-12-04 17:02:59,ETH,ETH,0.0175798,0.0026,0xB49D2bBdbB06cAcf455b3deBAf933D0E48516b8A,0xe3098dd1f8aa7508d90f687b793bb4bd5911ca25d0091400c1ec661deacec88c,Completed
23-01-14 08:28:11,ETH,ETH,0.03451658,0.0012,0x3c33f4816d07c21A03dABD914c95300d32f8df59,0xc654f1868870655d9c66a1245307eff82905c7a02c535d10cceda36164170345,Completed
22-12-22 17:13:25,BTC,BTC,0.00780546,0.0002,3PgMfd5CqWLu4Dht9JQgiaiowGuqVp3T1H,0d20ebb466e10e14e4b2d8863942ac34fe1559d935c887486d87ce66b0e93718,Completed
22-12-22 16:11:21,AVAX,AVAXC,50.98606502,0.008,0xAB064F293078f50bC17AaECc3F6bc6490bce8Bac,0x39fd69603e25a9cb3502a80c2529bc91fcb33d7074003aaaf05b672333fbcdcb,Completed
22-12-22 16:10:16,BTC,BTC,0.0098,0.0002,3PgMfd5CqWLu4Dht9JQgiaiowGuqVp3T1H,642d502fd981d5dbd14b07d584be4acdeb99daee054887990b90a08ad6200471,Completed
22-12-22 00:51:21,AVAX,AVAXC,11.19189693,0.008,0xAB064F293078f50bC17AaECc3F6bc6490bce8Bac,0x16ab8ff3b9c8c0e3058afd5c9439e59db31c208c8f11c828e29b93f179bfd4c0,Completed
22-11-25 19:49:21,AVAX,AVAXC,4.63257823,0.008,0xAB064F293078f50bC17AaECc3F6bc6490bce8Bac,0x0ed919d09bdf53d2f9333f0a2806d011e7ea3a7a9cbcea9f03556ef38cf4a3bb,Completed
22-11-06 11:49:42,ETH,ETH,0.0205713,0.000768,0x91bE7Fe27BC2B25d5455bFcaf4D9373B00f2A3B9,0xbc5cf7c587b67fceda98188a729da164c6b86f996ad7776a426af63ad399aba7,Completed
22-11-04 18:29:40,ETH,ETH,0.029232,0.000768,0x91bE7Fe27BC2B25d5455bFcaf4D9373B00f2A3B9,0x95c1754db4950d0745858c66e51fedf501abd4ffc038768b233a9fa461ee92f3,Completed
22-09-30 22:11:26,AVAX,AVAXC,0.66835417,0.008,0x9fccb502113EdFD8a3f76F17B52Bb2fe85B8bbfD,0x297986d26127d2dd22c8b23a6445f3374a89a92482c20d3a9882ac62ece06f0b,Completed
22-09-28 22:15:56,AVAX,AVAXC,10.10484301,0.008,0x9fccb502113EdFD8a3f76F17B52Bb2fe85B8bbfD,0xe803be1eaf8de558e151a06e3bd609602d29f6d59dd7de968cb8e446cd37b6fe,Completed
22-09-28 01:11:29,XMR,XMR,0.77430829,0.0001,89abHSTfRaudg2jidhyddGEAXhT6GXiWfVHLP7jnLGNuCEMiGVZ3RiRDKJz3qHLePbEGCrqsnKz9gD928G2jRKABHhvV9vv,38e15037a3aabb96a3bcea41c1955ece84491c224bbe83f9c6412d2361050d4c,Completed
22-09-28 01:08:31,XMR,XMR,0.31084947,0.0001,85hccuqeKVoiiW76t2w1RWUTASTXtjMTFCiNJUJsaw7X4No53EL8TsNhP3ZKeSbCtn35N33wtMzwb5SBCyfBCvSGS7HaYec,4cb01917ed92b6be4cbc8c58ff2d57b756caa94c7912580169ce978780ed9691,Completed
22-09-27 23:59:40,XMR,XMR,1.4999,0.0001,85u4AxiJGjji6dt9GK79W3SDThg9QaDvvWvdFPqbp7JC5zyDGYFXnSk3CquuZhShATPkudxHjsDbbVu79GiHyte96ddoHMP,364ee77fa6142abc2e3ac10263f1e6c94fa687e2c1fc8fa9c2d0b906847a590e,Completed
22-08-18 01:05:25,BNB,BSC,0.07208711,0.0005,0x0000000000B95af7bc40435816DEC5960c96d7C7,0x3214307204a9913204b68767205bdefdd04a57c1dc2648e2a5f463a9d8149ca6,Completed
22-07-10 12:22:41,AVAX,AVAXC,0.99246348,0.01,0x0000000000B95af7bc40435816DEC5960c96d7C7,0x3591705c8ccd4060f6544e3d2737990ec65dabaddbc537e8500efcc852adc731,Completed
22-07-01 13:45:34,AVAX,AVAXC,1.22128421,0.01,0xf95c38E1d76237F9d7275D06b5598Cdc4bFBbf92,0xcc948da183246f51a02d57c8def5786ce9daee674790bfd768be1a90d062a2e1,Completed
22-07-01 01:20:35,AVAX,AVAXC,1.29024133,0.01,0xf95c38E1d76237F9d7275D06b5598Cdc4bFBbf92,0x026ce81c7f4a170965ee6c25d59ae5c91bc854d1802c6d18ecf8e90ef1393221,Completed
22-06-28 17:00:35,AVAX,AVAXC,26.12218389,0.01,0x7777777777cC2fC74Ed213198a23a0DcA2d90aE8,0x430e6064567b9c13d5bd06f59e7479b474a6db68ce96bf9b4e06ce4395ed2225,Completed
22-06-28 10:50:55,AVAX,AVAXC,25.99248488,0.01,0x7777777777cC2fC74Ed213198a23a0DcA2d90aE8,0x06f42923833d91b2938df185c0d23dd0512837538c0e27d8e2afa7738896a0d6,Completed
22-06-27 13:28:27,AVAX,AVAXC,12.31766,0.01,0x7777777777cC2fC74Ed213198a23a0DcA2d90aE8,0xf81dee99f60a14af38f3986a4cd77e3214ab01b43decefb75e1452be964a5c84,Completed
22-05-20 16:55:29,AVAX,AVAXC,1.64062271,0.01,0xe4A5D941f85eD4af47CAb193873EE77767325c16,0xde745cacb866087a313cc51b85f7ad50c260165832e2c797d76f751b2f217a58,Completed
22-05-20 16:32:10,AVAX,AVAXC,6.99124579,0.01,0x6BbE33E896609eD39fd38933CBf0bfCBdEC0FCFD,0x206e660ea169b67afcbdcd10d8310b1edc4f68419f8e604622762de4b80bb710,Completed
22-04-28 15:06:05,MATIC,MATIC,182.71752722,0.1,0xD50E5aF13b2268DcdA31876756CC8c51A535B9EA,0xb9841e047e996c43a58b3327b2855a6dd25a4a0c8bcaff54c4b98f197149a649,Completed
22-04-13 10:04:55,MATIC,MATIC,23.69485379,0.1,0x63ae3d7FCE9c378Bc06FA5F075e8934b690308a6,0x3202d428bee1f9f3fc3763c7469a13f97ba060c8e4b60ba0fd0b17f0a3456c18,Completed
22-04-05 17:38:15,MATIC,MATIC,20.1293433,0.1,0xD50E5aF13b2268DcdA31876756CC8c51A535B9EA,0xc90e3c7d1e4cd6b81110f02ae614c2cf16d07e7ebd4e36afddb463fb75da488a,Completed
22-04-04 19:49:29,BNB,BSC,0.23624225,0.0005,0xD50E5aF13b2268DcdA31876756CC8c51A535B9EA,0x7b2699e4ec9e44b6be3dcbde255b29e3b59a558a86391c8e99369d1cf85a3e3d,Completed
22-03-31 00:02:12,MATIC,MATIC,44.57712874,0.1,0x63ae3d7FCE9c378Bc06FA5F075e8934b690308a6,0x1b368f5c3e71d20ae6a9cd3b424bc408f93974135cd2eebff94b9d323b805c5d,Completed
22-03-30 23:49:04,MATIC,MATIC,36.11607935,0.1,0x63ae3d7FCE9c378Bc06FA5F075e8934b690308a6,0xf0e8824183afca88100a9c6014c780e5c1f663e42841c21a9eaa96f98cca4f04,Completed
22-03-30 13:53:06,MATIC,MATIC,51.8776228,0.1,0x63ae3d7FCE9c378Bc06FA5F075e8934b690308a6,0xa1ee810e39688a9b3960ea93ce01a9664001ef6f618588db88949eb90035bd77,Completed
22-03-30 11:43:54,AVAX,AVAXC,0.44551935,0.01,0x0000000000B95af7bc40435816DEC5960c96d7C7,0xfda9d027bdab60988102df61e1650b1bd4d914c5d0a83346cad6b72298b4569a,Completed
22-03-30 02:49:23,MATIC,MATIC,39.93255502,0.1,0xD50E5aF13b2268DcdA31876756CC8c51A535B9EA,0xa39c6ba03ad62fb374265c9d9867207f581bfccbaaa06d16c5c04a2342e4f782,Completed
22-03-22 12:09:23,XMR,XMR,2.08344508,0.0001,4FqqF4oFQKe9cktcEwHRGjLRz4T8kmNmucBU4os3PU61PkptG3pJcaihmRuFxXR5JEHndbht6DWmQEqhQU7ypnivKmSCeqB3a7J5jq7cCC,c0cc584983de682aac84caf57c98afb968f96ef629ff476c70a7817b3f1d132e,Completed
22-03-18 08:29:13,BNB,BSC,0.09976155,0.0005,0x6665Da19AC95FBA09b7A32Ac856C30439817baD8,0xf8f1105722c67bd9e74ac6ffbc270bdacb576a1521cd99608a6bfd6c9b4f0aca,Completed
22-02-14 11:19:49,AVAX,AVAXC,1.98,0.01,0x7867872a1adD096927D38197aE02b6A04f9310F7,0x964fe1d1ea58c0d06c985077014cc9dd290f23f4f91ad84b80db69c1c9b0b1c9,Completed
21-12-28 11:30:28,XMR,XMR,0.7469,0.0001,85BcAU2T9NGXmtZvxEyDMbfyoic9DBuy9KJMUDMsqivqcCLQuoFbsgoUxxsQSjXUdGA5bYpXpi1GybfX3p4SGaaEJwspKtb,77c1758d5bb7b8a394599fd55db675a784daa53099fca9a7566bf7d72339bccc,Completed
21-11-03 16:14:24,USDT,TRX,100,1,TRtEGwPmF1F2nSJN4gHN7TankG5ar2wfXG,b16855a6bdbf8c60f5d778ed52bea0335bcbaf150b2a6c5f06fd489b58ca077a,Completed
21-10-29 23:34:06,BNB,BSC,7.98343918,0.0005,0x1f696e26C78F6900C4E1679AFC861934274f554B,0x5211bb582a4ded060e75b675dfc4a8ad6324b71f0fa9fdd18b585ccbe02482ba,Completed
21-10-29 06:04:51,BNB,BSC,4.25384381,0.0005,0x1f696e26C78F6900C4E1679AFC861934274f554B,0x095aea79abceb02572cee4f21c981add0b7bbd4cc60c1f63863010c6bd317517,Completed
21-10-29 04:24:05,BNB,BSC,3.49079543,0.0005,0x1f696e26C78F6900C4E1679AFC861934274f554B,0x65100ce17e87acb4485648fa46d556f8cf6590ae93e470b51f5c2263734c5389,Completed
21-10-28 16:05:22,BTC,BTC,0.0049458,0.0005,bc1qlhwmrj0hszymnvw9v78pp0lveyywjwapfjkz4q,685a561ef6931b437cd4dd99ef5462a67be029dc16e17a40e3fa4ef939fb7a4b,Completed
21-10-28 11:43:50,AVAX,AVAXC,159.99,0.01,0x0567dC4C4FdcefC8baD647b40C595519AD3BbB96,0x5084cf420e9857e69016ec813415d6350554f51b6455e3cac268e7b81ac2c964,Completed
21-10-26 22:24:26,BNB,BSC,0.12481423,0.0005,0x1f696e26C78F6900C4E1679AFC861934274f554B,0x9583f52c68896760c4f95705199a0043b790c2929745fbcc6aee804de42c908e,Completed
21-10-26 22:22:51,MATIC,MATIC,34.178271,0.1,0x1f696e26C78F6900C4E1679AFC861934274f554B,0x092c11fd206409ee71337669ae4c445dde891650c9468daca02dde4418e800d1,Completed
21-09-27 22:59:50,USDT,TRX,50,0,TTSAK35zdtUM3rQ1cnP4v8i2p8SZDkAXkr,Off-chain transfer 78970947531,Completed
21-09-27 14:52:37,AVAX,AVAXC,9.17283055,0.01,0xD50E5aF13b2268DcdA31876756CC8c51A535B9EA,0x332a1c48b62229586a4f4a47918e18538a6e50a922691fbb0bf01a2308955ce4,Completed
21-09-27 14:44:22,AVAX,AVAXC,0.99,0.01,0xD50E5aF13b2268DcdA31876756CC8c51A535B9EA,0x0399e9d644f35c95761b37f03b26c80e4031702adf9b970a8b6b9ab8f0d4bcd3,Completed
21-08-30 22:38:08,AVAX,AVAX,0.22976,0.01,X-avax1t5ad8p7guv6mqclzr3yqc9u2gm70crh9tuk0fv,2P9TAFpsN5SuRT5Diy9G2j9LLQwHTeY8mhSaTBLbCSdNDMqSYa,Completed
21-07-30 16:54:50,AVAX,AVAX,1.381,0.01,X-avax1degp5y9p9xpekvtzzve7t6j5hcw80kztjz8e8u,2cBquZ4RyeSSr2wTnSaJRt6PjRTXskHbPBDmufgqB5kyWfehzm,Completed
21-07-14 19:05:54,AVAX,AVAX,2.141846,0.01,X-avax1hf2q3zxagr6n55e54fe38y9ztfhchyedxp943g,2m4RtheruFx9EqxZEXoF4YqfYwMtW9yc4zaLXkmk3MPk4SEZ32,Completed
21-07-09 17:18:43,AVAX,AVAX,1.69,0.01,X-avax154rhc9dyxnc5ff3ldxxa3pxrknzn9emux5n2kt,9tDAbSFDvz8mBpkZf1X8fvr6fwEsqhZ19P35DZL84JEAhhpSm,Completed
21-07-09 16:22:44,BNB,BSC,0.08538736,0.0005,0x8d685AD2bF3E6441b0129AE5B34e8853919DEd1a,0xb6c34d8bcda1ffe138cd63a1c90a42e6e98c33c87c6cbee939834fd61de38873,Completed
21-07-04 10:14:44,AVAX,AVAX,3.003633,0.01,X-avax1tm947m94j3fd82p76a0gy2y4jg2v7qr7u5dky4,kUviRUkgArRaacFL9UYFPLAWdKNyejMSJN2rLmVdEun8dEZT4,Completed
21-06-27 01:13:43,AVAX,AVAX,3.526911,0.01,X-avax19nqxr0n6wa9k73y5plypmldqmcckdkhut9yde8,2JPNUMHx3siv9Sw8ChtukiGTMUt3y6TamciEpjyPMvvtjzcp29,Completed
21-06-18 15:34:19,AVAX,AVAX,2.851136,0.01,X-avax1zlq6mdrdyjepnedtqv60hld9ddf0q6gs68aw68,SguBGUZijLwsJTxZ1tNuMXT3medWJeaRxUcDFNCZbE44BQYdt,Completed
21-04-04 01:19:37,BNB,BSC,0.031176,0.0008,0x8d685AD2bF3E6441b0129AE5B34e8853919DEd1a,0x7825c911d878875f5c28231e804936e249bd54b58bf7d4e5ac34718b71b8c0cd,Completed
21-03-28 05:39:26,BNB,BSC,0.2172,0.0008,0x8d685AD2bF3E6441b0129AE5B34e8853919DEd1a,0xc6bafe0fe8f5ace26c4b20fad2d2061206ec1946ac30c3670eef744c2d27c4c5,Completed
21-03-28 02:57:01,BNB,BSC,0.11914049,0.0008,0x8d685AD2bF3E6441b0129AE5B34e8853919DEd1a,0x280396fd704ab6e1402ee346ac51d4c06974eb096fc8b3e51636cda7459471dd,Completed
21-03-28 02:22:36,BNB,BSC,0.0092,0.0008,0x8d685AD2bF3E6441b0129AE5B34e8853919DEd1a,0x690fe6a73e1f154b95e7cd15c2e79663545e8f31289c7c8281c89aa3c2f05bc2,Completed
21-03-01 15:04:58,ETH,ETH,0.03033163,0.008,0xc6023A5F41217aBe6D0a43Fea74596710DB72Ce3,0xd711de3921da082603b4c9482e527de6c7b4038ac1f69f4a6ee7ecba5a87e9be,Completed
