Date(UTC+0),Coin,Network,Amount,Address,TXID,Status
25-10-18 22:30:02,ETH,BASE,0.013299926175323741,0xdb92b1400fc2a53e6281db7b7f66308cd59b1f00,0x0eefada8fde663788b4b130d8f0f02eb407b5947e4e816b3194692daf2f105ea,Completed
25-10-03 09:44:02,ETH,ETH,0.216457404710942228,0xdb92b1400fc2a53e6281db7b7f66308cd59b1f00,0x2a98d841f384628a22bb774c07822c7ad6eedf7685a8ec03a0a5247d1c2eec64,Completed
25-02-28 19:13:23,ETH,BASE,0.003955769334674755,0xdb92b1400fc2a53e6281db7b7f66308cd59b1f00,0x3c8be2a24a8c3ff2ec8bb950f07b898b9a76f74592ad3d9c4305175c65fa454e,Completed
24-09-20 11:38:00,SOL,SOL,1.070751865,4UqdU9sEcep3RbF86C3xw4z1ERdAJ7pdx1dWmjPJuTsW,4tKrM4vWdtS76ByyujdexMGP4Z4BrzC8XfFGWrppQKiAWqi56cStGXouTzVpZZ76kXpDaLirvQhxq6oMysDhpVdS,Completed
24-03-14 14:43:21,AVAX,AVAXC,0.975475,0xdb92b1400fc2a53e6281db7b7f66308cd59b1f00,0x861be84ac27f2fc8eefcc5c3625b80b0386d1aba229016424d7f6631d8d414d1,Completed
24-03-10 20:38:02,BTC,SEGWITBTC,0.00136246,bc1qyghrz57jeuz750qqdnnmplcfsc0ey5m27j7rd0,1986df1c2995be3052779bb48d6aa57ad1c3de80bd3bdeb9a21597a76a73e8ad,Completed
24-01-12 22:41:01,AVAX,AVAXC,0.006068282820268228,0xdb92b1400fc2a53e6281db7b7f66308cd59b1f00,0x17f33d7fe2517bba43d74449f9c98f76e39bda7799cbfe38e2e2a39fad7f5f28,Completed
24-01-12 22:38:30,BNB,BSC,0.00072940318686585,0xdb92b1400fc2a53e6281db7b7f66308cd59b1f00,0x6073829a6cf382deda2ac4da8ed1794ad252c613c027d204848c0bbcdf34d396,Completed
24-01-12 22:28:40,AVAX,AVAXC,0.007783030892626,0xdb92b1400fc2a53e6281db7b7f66308cd59b1f00,0xb1ca569e56348d14e1a09f1c11a82cddf8aa828243b33e1333b0ac14479b7d3f,Completed
24-01-12 22:27:54,AVAX,AVAXC,0.008611078973882,0xdb92b1400fc2a53e6281db7b7f66308cd59b1f00,0xcb9f9d65cfe3a6be2d36819b7ad66b049bb2ea4a31afa4f4e332911a509b8199,Completed
24-01-12 22:25:31,BNB,BSC,0.001396789,0xdb92b1400fc2a53e6281db7b7f66308cd59b1f00,0x8e45aef8c8b6281e40b009ff86d50a36e1c7d8fa6a789b919128215a0083eb7f,Completed
24-01-10 19:20:41,BTC,BTC,0.00318249,1HxjPNzuV22Q6Nam66h1Gyrej4FoVt6cFr,9512d6e566f6594019ac7c96168e89e84e8350db1ee9f672391446bec813d7ce,Completed
24-01-06 18:18:32,BTC,BTC,0.00318595,1HxjPNzuV22Q6Nam66h1Gyrej4FoVt6cFr,0f51db9940bf4e73ee942b25a5536a82ac7f10433f6862b362b449da12c07525,Completed
23-12-25 21:08:28,BTC,BTC,0.00445378,1HxjPNzuV22Q6Nam66h1Gyrej4FoVt6cFr,9611a25b855d39b686d7643981559d3f5dab0109db3fb2267e7925a513b73afc,Completed
23-12-21 18:10:02,BTC,SEGWITBTC,0.0017359,bc1qvy5zzy0h5nvppfxggrudu6gsn7lc699cnw6j6d,d3d4e622417c50ac4066446357a330f42094a53081c960c5eb15f29ae38736f7,Completed
23-12-18 00:54:28,BTC,BTC,0.00338329,1HxjPNzuV22Q6Nam66h1Gyrej4FoVt6cFr,2a2875985eac250187859a0abccb92000b1f7900517e24a145f74a697d167678,Completed
23-12-11 11:21:32,ETH,ETH,0.00304027,0xdb92b1400fc2a53e6281db7b7f66308cd59b1f00,0x174d1d114f91bbcf73920c417b0ba322e0cc9e2e4580856ff52b6e62c340d653,Completed
23-12-11 00:30:03,MATIC,MATIC,7.519269109523289,0xdb92b1400fc2a53e6281db7b7f66308cd59b1f00,0x75042e92a60e54285ab2c1b24d8e8fbc706cba39108d67e4b64e1a34f687a1bc,Completed
23-12-10 17:12:02,BTC,SEGWITBTC,0.00085821,bc1qvy5zzy0h5nvppfxggrudu6gsn7lc699cnw6j6d,dcfb9b8aacc15b4f534d410c44e2d0bc62721a53d0de308bef3da6174bd7e643,Completed
23-11-24 19:42:35,BTC,BTC,0.00025097,1HxjPNzuV22Q6Nam66h1Gyrej4FoVt6cFr,bcf397cea5eebb2ca4e94353c9956f1fc6f9c708db78e563debced7f4e3d6e08,Completed
23-11-11 16:40:30,BNB,BSC,0.00436504,0xdb92b1400fc2a53e6281db7b7f66308cd59b1f00,0xe929f4a1712339d8ed363ee1f5a832b6641232f68a26235abcc463861bf5edd7,Completed
23-10-29 16:16:32,BTC,BTC,0.004345,1HxjPNzuV22Q6Nam66h1Gyrej4FoVt6cFr,0505a8d5b802611b6a82d6f2ea4b47d71fea035917d34587f01b2a0369fd3175,Completed
23-10-25 15:42:09,BTC,SEGWITBTC,0.00140097,bc1qvy5zzy0h5nvppfxggrudu6gsn7lc699cnw6j6d,987907f6430bb7d2346bb2f7b0be02a3e277cf104558ba03fc7a1bcbc96de74f,Completed
23-10-21 20:20:43,BTC,BTC,0.006695,1HxjPNzuV22Q6Nam66h1Gyrej4FoVt6cFr,a02002e75d06132a7164371e011737cb1b1ab7ef97859b82f59795727a79df66,Completed
23-05-02 20:50:09,AVAX,AVAXC,1.3813680286503351,0xbe932e2a4fff2a5140d77b711c2c7b060d24703e,0xe1d8ed789028aceddd053b6986b27777d8cbb431435b1a46492edcc08e2ae50c,Completed
23-04-27 19:58:23,MATIC,MATIC,3.1,0xbe932e2a4fff2a5140d77b711c2c7b060d24703e,0x8d2a2d0e44f1832c75dd02f1cd02fd0982ed9fd137e03be9fdbcf3e8768553fa,Completed
23-04-27 19:58:07,AVAX,AVAXC,0.2330017911488753,0xbe932e2a4fff2a5140d77b711c2c7b060d24703e,0x8696cc5300d9cd0b118f4387969ffb97486f80cfb25c576f27608cf43a802846,Completed
23-04-05 11:38:12,AVAX,AVAXC,0.25829594694,0xbe932e2a4fff2a5140d77b711c2c7b060d24703e,0x2dcb0031f0621078badf9a9b0c4949f76730cf6698e6610ca67db623fae1f9c8,Completed
23-01-16 02:18:00,BNB,BSC,0.038740405,0xbe932e2a4fff2a5140d77b711c2c7b060d24703e,0xb4ccd1516fbcd472277f0b924a7ab25bbdd82aac125c29f541ce0ef3b45368ed,Completed
23-01-16 01:56:31,ETH,ETH,0.008477059325782756,0xbe932e2a4fff2a5140d77b711c2c7b060d24703e,0x511825bf2b95c0c547851f9c850c7be26636fa7912b56e40b165dd9d1c95f19f,Completed
23-01-14 08:25:00,BNB,BSC,0.1,0xbe932e2a4fff2a5140d77b711c2c7b060d24703e,0x8afc344220c70020708be1d3bd5914899623fb522872025b9fc8dd07c73f4fd3,Completed
23-01-14 08:18:04,AVAX,AVAXC,1.4,0xbe932e2a4fff2a5140d77b711c2c7b060d24703e,0xab48753ff98ed2d75b7dd966be8a63c688383d78789fecfda55563c40750a941,Completed
22-12-29 11:10:06,AVAX,AVAXC,3,0xbe932e2a4fff2a5140d77b711c2c7b060d24703e,0x1e37c3eaa50daedb84736157c8df4969f29ece2dfb1e4d235e4f84b7245e5549,Completed
22-12-26 03:00:04,AVAX,AVAXC,7.94968394,0xbe932e2a4fff2a5140d77b711c2c7b060d24703e,0xb8a2b618ef3abbdb67a5f4fbb623bc0f8c3969000e8a8db525dddd07dab7eddf,Completed
22-11-26 03:28:10,AVAX,AVAXC,0.867927525109117523,0xbe932e2a4fff2a5140d77b711c2c7b060d24703e,0xabee072d9c98104df7bf37dbaf659f7ca0633c60ae6f30235eada1623bc14581,Completed
22-11-25 20:30:05,AVAX,AVAXC,3.5,0xbe932e2a4fff2a5140d77b711c2c7b060d24703e,0x903771328d99e5aab17cf47ea8425d4ae9f8eefab357b6a57a204d64bd488d0d,Completed
22-11-19 17:42:20,BNB,BSC,0.052897625,0xbe932e2a4fff2a5140d77b711c2c7b060d24703e,0x5daa13282d1e54f826889f295db7c16b4d5758dfd737546710300759f788521d,Completed
22-11-19 17:42:02,USDC,AVAXC,19.125175,0xbe932e2a4fff2a5140d77b711c2c7b060d24703e,0x45b617fab6924c9d565a83cf074e3beac801f627a7f2adb363aff1e36f610e32,Completed
22-11-19 16:26:05,USDC,AVAXC,34.793,0xbe932e2a4fff2a5140d77b711c2c7b060d24703e,0x5a71e9103e5d5fd15307c6ccdab5a687275f3773166a0c9923b3eee98b0d9787,Completed
22-11-06 13:38:37,ETH,ETH,0.004751908970867,0xbe932e2a4fff2a5140d77b711c2c7b060d24703e,0xc44e22ba6e3aec22ac27d20afc0d2476643182dc6be19c4824f9ed91e70f92c0,Completed
22-11-06 13:37:58,ETH,ARBITRUM,0.0067,0xbe932e2a4fff2a5140d77b711c2c7b060d24703e,0x703eab01ce7dd776cdb35887d033260d1d8307ed551336306d8802326b81b957,Completed
22-11-05 13:20:32,ETH,ETH,0.028,0xbe932e2a4fff2a5140d77b711c2c7b060d24703e,0x883d4013f245a690444cf41bacaaf2294da964bd13f18720ab29400f825cf929,Completed
22-11-05 12:56:54,ETH,ARBITRUM,0.02,0xbe932e2a4fff2a5140d77b711c2c7b060d24703e,0x4c1c35d4c99d3bd1fdf63ec5415285b9f35c81caf06b98a4f55e095470707b7f,Completed
22-11-04 18:11:40,ETH,ARBITRUM,0.03,0xbe932e2a4fff2a5140d77b711c2c7b060d24703e,0x62c8268fa65f7947246641562f45ca02f5ca0d0b922ae5f6ab213e678d6f2bf6,Completed
22-10-10 16:00:05,USDC,AVAXC,20,0xbe932e2a4fff2a5140d77b711c2c7b060d24703e,0xe922def3d810ce5de8be9010508fdf6f21d0c551f3eb50eb825fbefed9ec2b51,Completed
22-10-06 14:32:26,XMR,XMR,0.8028577,8AkqAosJnG1CstZJwjMvTZUYDjDfJimDQgU6tjqorZzjZ7fPjdQEbM1RBJcJRvh3mZ6egmjsU4Qbc1d77ycLq7oTN5aNnFy,488b6079bc928b0a88d69aef475e619cd5d0438a8b3914016809f857b933fb21,Completed
22-09-30 22:18:00,AVAX,AVAXC,2.389854688907703117,0xbe932e2a4fff2a5140d77b711c2c7b060d24703e,0x266e0491d319fe2e85ff8dbbce7058de646123a96af30eadf8812def4c2db08a,Completed
22-09-30 12:36:07,AVAX,AVAXC,6.863888584650386277,0xbe932e2a4fff2a5140d77b711c2c7b060d24703e,0xb339a25853d176de93f8c5ffd10b038959c25c29eb4664ba0eecfd9de4eaac05,Completed
22-08-20 10:35:07,MATIC,MATIC,6.196811138607174806,0xbe932e2a4fff2a5140d77b711c2c7b060d24703e,0x9a8bf8ce4287e61d17868edaa3c48b8f8b535e4c45b4247ad87a13d5076dc159,Completed
22-08-19 23:46:31,ETH,ETH,0.002826377153765052,0xbe932e2a4fff2a5140d77b711c2c7b060d24703e,0x2710216b6b9f8e2dc3bef0b59744e9babcc43ebd94f49b8bdcec48cc79ad9a2d,Completed
22-08-19 23:45:09,MATIC,MATIC,2.582426032404907863,0xbe932e2a4fff2a5140d77b711c2c7b060d24703e,0x24b1c836f2681b39c771035f64d52e1e77afd383f6d980da4c5a12a1b6d1aae1,Completed
22-08-19 21:04:42,AVAX,AVAXC,1.99,0xbe932e2a4fff2a5140d77b711c2c7b060d24703e,Off-chain transfer 114832278929,Completed
22-08-18 02:46:00,BNB,BSC,0.03022042,0xbe932e2a4fff2a5140d77b711c2c7b060d24703e,0x54b6984c26ffcfe2bbf73cbb6c045d77cb0693ebe366a162cbc82deab150b339,Completed
22-08-16 19:48:36,ETH,ETH,0.30723477280028243,0xbe932e2a4fff2a5140d77b711c2c7b060d24703e,0xf68860111a3498a68d2e0ae5c651578055e2a33f646b9650be8b36b46bfed3e5,Completed
22-08-09 18:46:35,USDC,ETH,1000,0xbe932e2a4fff2a5140d77b711c2c7b060d24703e,0xb86940e3813545212e91f09439805e24095920fc1d81ec36f59caf25f6ff422d,Completed
22-07-29 12:28:36,USDC,ETH,1500,0xbe932e2a4fff2a5140d77b711c2c7b060d24703e,0xbd38fdfc59a811762ae3d58183764ef9489e7b090167a32a91260e0f734d7b96,Completed
22-07-10 12:26:06,AVAX,AVAXC,4.190434986244094521,0xbe932e2a4fff2a5140d77b711c2c7b060d24703e,0x724f6489173f8ffd092f5fb8337918aff03a6e8fb9d6b12b8d4c300c16637c52,Completed
22-07-10 08:18:37,ETH,ETH,0.009823967143294,0xbe932e2a4fff2a5140d77b711c2c7b060d24703e,0x76238372b10a37cd755dac5f679170265a7da2556326f074330bba58df41de8d,Completed
22-07-10 08:14:36,ETH,ETH,0.009732203485273,0xbe932e2a4fff2a5140d77b711c2c7b060d24703e,0x3651007684641a08f70aacd140e7018a571d59ead809860592ded609f306d574,Completed
22-07-10 07:22:34,ETH,ETH,0.027512490341072194,0xbe932e2a4fff2a5140d77b711c2c7b060d24703e,0x89f8d120ca8c9e5a48dc76c4c6bde8e81de74627480189636a5151618141da11,Completed
22-07-09 21:30:36,ETH,ETH,0.02688561664304534,0xbe932e2a4fff2a5140d77b711c2c7b060d24703e,0xa122bfe6dd75d4f9a1c8f2a319f5b68fa06fc546bafbe69421a95b74b62359ae,Completed
22-07-05 11:57:02,AVAX,AVAXC,6.99,0xbe932e2a4fff2a5140d77b711c2c7b060d24703e,Off-chain transfer 111141376762,Completed
22-06-09 10:30:10,AVAX,AVAXC,33,0xbe932e2a4fff2a5140d77b711c2c7b060d24703e,0x276a0f8b6f6326ad478da1a7a50f114bb6feaa78da11a0f67d3ede3913cce856,Completed
22-05-31 18:16:02,AVAX,AVAXC,3.8,0xbe932e2a4fff2a5140d77b711c2c7b060d24703e,0xa6ea12b133f45de8f52ede9a2a82249becaa6fb56fd4dc8368202275fb7a8f8e,Completed
22-05-31 18:10:51,BNB,BSC,0.65,0xbe932e2a4fff2a5140d77b711c2c7b060d24703e,0x612b833a8403914505899c7b82a39fece36b8f89aea31fd80bafaf9a0195fe9d,Completed
22-05-26 17:00:05,AVAX,AVAXC,32,0xbe932e2a4fff2a5140d77b711c2c7b060d24703e,0xb5cffdbe52dd8c4e80a9c8cfb31c0c8758afde9e724e6949e65b6610f75863e9,Completed
22-05-12 11:08:12,AVAX,AVAXC,2,0xbe932e2a4fff2a5140d77b711c2c7b060d24703e,0xeaf132753e2d6a7d2aeeb93c9196803cf136bbb0955df852c74f2bf2301045f0,Completed
22-05-12 10:36:20,AVAX,AVAXC,13,0xbe932e2a4fff2a5140d77b711c2c7b060d24703e,0xc9f59fd7daa30efac490973f126bfe099ec82923c2a7fabcb5755be57a0351dc,Completed
22-05-10 10:52:32,ETH,ETH,0.045,0xbe932e2a4fff2a5140d77b711c2c7b060d24703e,0xa9e3000501011686a1b0f36e653146225ddd8b555fcfd6df0271dc7e624ca789,Completed
22-05-10 10:50:17,AVAX,AVAXC,12,0xbe932e2a4fff2a5140d77b711c2c7b060d24703e,0x029e8501074b16cc3879f81dc02d75a50a42debc8aa4f145e455279e12464a15,Completed
22-04-28 12:56:35,ETH,ETH,0.40043397844161941,0xbe932e2a4fff2a5140d77b711c2c7b060d24703e,0x0e3fe8bc979bc5914e29708f6b94c4d373937379e97becf18f4d09da927a9ef5,Completed
22-04-28 12:56:15,AVAX,AVAXC,1.5,0xbe932e2a4fff2a5140d77b711c2c7b060d24703e,0x5ef0b1a842b861d90695bf50c2e8133c45c2e7f9a5d472229e69b1779714e24c,Completed
22-04-19 11:50:01,AVAX,AVAXC,7,0xbe932e2a4fff2a5140d77b711c2c7b060d24703e,0xa3bc3976141427028c23260e8b118e375950b1a5ff9b408288addb66cfee345a,Completed
22-03-30 19:42:02,APE,ETH,23.01,0xbe932e2a4fff2a5140d77b711c2c7b060d24703e,Off-chain transfer 101705449701,Completed
22-03-30 11:50:08,AVAX,AVAXC,1.309017660700417197,0xbe932e2a4fff2a5140d77b711c2c7b060d24703e,0x4b8e67fe1473c85036e7f9d6cd29af603f27dcb1c90a2aa48c615c6036663cd2,Completed
22-03-29 13:16:14,AVAX,AVAXC,5,0xbe932e2a4fff2a5140d77b711c2c7b060d24703e,0xc86129d459dbe1899982fcd3b59d9294ab9b7c10730fd4bdb9be6620479ad0e0,Completed
22-03-23 16:02:02,AVAX,AVAXC,5,0xbe932e2a4fff2a5140d77b711c2c7b060d24703e,0xaac52f7fbcd26d961a4d84a3ecc87ccff51599b98e3b2a89c42098c459bd2ff3,Completed
22-03-22 12:04:03,AVAX,AVAXC,5,0xbe932e2a4fff2a5140d77b711c2c7b060d24703e,0x7203bacba3f3fe50944a1b29345479b6046d61535ec61dc4c459bb7edcbe0583,Completed
22-03-19 11:06:41,USDT,TRX,249.5,TS22ymaFusBD6R4J7PQjpmHfBMKhN7Lr5o,Off-chain transfer 100470266106,Completed
22-03-18 17:27:02,USDT,TRX,297.518,TS22ymaFusBD6R4J7PQjpmHfBMKhN7Lr5o,Off-chain transfer 100402177807,Completed
22-03-18 16:55:21,BNB,BSC,0.07634855,0xbe932e2a4fff2a5140d77b711c2c7b060d24703e,0x36299f52130305cc487a8059e3c9b36f30b69ecd1c1c844c47cd648f696c6657,Completed
22-03-18 09:48:15,AVAX,AVAXC,10,0xbe932e2a4fff2a5140d77b711c2c7b060d24703e,0x80e542b87a3a5e8b81a600b292f49c100c202712e9062d206eb47b493d358ff5,Completed
22-03-17 20:55:05,XMR,XMR,0.16399,8AkqAosJnG1CstZJwjMvTZUYDjDfJimDQgU6tjqorZzjZ7fPjdQEbM1RBJcJRvh3mZ6egmjsU4Qbc1d77ycLq7oTN5aNnFy,9d2517bd252ba53b44a98c69719feeb09f2a71b8065b3e21e44ec8645519daaa,Completed
22-03-15 21:30:05,AVAX,AVAXC,17,0xbe932e2a4fff2a5140d77b711c2c7b060d24703e,0x38b7b7d0b0eb19a69ce582b80e597f9ae23a41d18846d61459f32a0da9310ce3,Completed
22-03-08 16:16:02,AVAX,AVAXC,5,0xbe932e2a4fff2a5140d77b711c2c7b060d24703e,0x0bf4292f83da80b2d8c9e547e27352c1e870c77976075b3c6b14562b17e95b3a,Completed
22-03-01 17:18:19,AVAX,AVAXC,2,0xbe932e2a4fff2a5140d77b711c2c7b060d24703e,0xbd255cca349a107e6699672eb5e082589a9fcbba21ffbaee9588d4b14f5b9dab,Completed
22-02-14 14:26:11,AVAX,AVAXC,0.977,0xbe932e2a4fff2a5140d77b711c2c7b060d24703e,0x0c567c8c51369571d2fbf491f065499941d9ebde7a63a56d14ed466a73e24871,Completed
22-02-14 11:16:03,AVAX,AVAXC,1.99,0xbe932e2a4fff2a5140d77b711c2c7b060d24703e,Off-chain transfer 97647163658,Completed
22-02-11 14:40:16,AVAX,AVAXC,15.256745817204072387,0xbe932e2a4fff2a5140d77b711c2c7b060d24703e,0x4ed9c3385da4f64f37fd25949d1d128f714d37ea86c9276908239341307470f9,Completed
22-02-11 14:28:14,AVAX,AVAXC,2,0xbe932e2a4fff2a5140d77b711c2c7b060d24703e,0x9d931d5c8d7284eacb9b08d64f9aa8a79ac80386686fa69fe09d5787f1ee66d7,Completed
22-01-29 20:58:23,AVAX,AVAXC,4.999411156470887,0xbe932e2a4fff2a5140d77b711c2c7b060d24703e,0x7856c89e89dc4a663e97df067f3eb8aae661a71ff755725eea15830a85c77bbd,Completed
22-01-29 01:06:07,AVAX,AVAXC,0.388102569980483959,0xbe932e2a4fff2a5140d77b711c2c7b060d24703e,0x8be4cbadcce88e9c5924ad743eadcfc23f9c160da9f0235398c5e034f63a0490,Completed
22-01-28 17:46:03,AVAX,AVAXC,13,0xbe932e2a4fff2a5140d77b711c2c7b060d24703e,0x134466f76de36ca14a9a6070b582fbe7f483dce8c1e6753b80d42e55e08ad3d5,Completed
22-01-23 12:16:12,AVAX,AVAXC,1.074510814792109136,0xbe932e2a4fff2a5140d77b711c2c7b060d24703e,0xcc6b09de61c5b530553985559bf75e7bc9a13181bb5b20edb3c57f8495dfd5a5,Completed
22-01-17 12:15:14,MATIC,MATIC,3.599361573614444453,0xbe932e2a4fff2a5140d77b711c2c7b060d24703e,0xe5dbdc5b3c16bf2619295bd88808d2176ea1a2e0f85dd80b9b7dcd3fe6e347ab,Completed
22-01-14 16:29:50,BNB,BSC,0.033895,0xbe932e2a4fff2a5140d77b711c2c7b060d24703e,0x64338db9acd8a2ddc8597d2a30d250882d196468da068349cd4811ff5bdcde7d,Completed
22-01-12 12:48:01,AVAX,AVAXC,10.517890382531049157,0xbe932e2a4fff2a5140d77b711c2c7b060d24703e,0x740d1ac0216a6b71633fbc4dfd0b3d925d72f1036bf408eb9e01de392946274a,Completed
22-01-12 08:36:13,AVAX,AVAXC,1.04892943,0xbe932e2a4fff2a5140d77b711c2c7b060d24703e,0x628730637fdd3f5fb13dd36ab9a826ebd74774e3e6f28f6676594226c978ebe8,Completed
22-01-11 20:22:00,AVAX,AVAXC,0.47585189,0xbe932e2a4fff2a5140d77b711c2c7b060d24703e,0xa33f9d0a2f208e2a7b5c5e8e310238044f0150cd1a2c0b5e7bd3605d75b85bf4,Completed
22-01-11 19:34:19,AVAX,AVAXC,0.21651895,0xbe932e2a4fff2a5140d77b711c2c7b060d24703e,0x3fe41ff00ad552c175fa29dc2be01268d214355478e26d7d3246d5b34bcdf5fb,Completed
22-01-10 09:34:27,MATIC,MATIC,4.94437,0xbe932e2a4fff2a5140d77b711c2c7b060d24703e,0xff6a27d129f7a66ec3f043dbe0c22aae74ef2135af54e54b84bdb8d1d9ad4ab7,Completed
21-12-28 23:18:17,AVAX,AVAXC,0.096741782938285206,0xbe932e2a4fff2a5140d77b711c2c7b060d24703e,0x244b399eccb8bdb751e0b15460fcc2ad21be8eadce501bf9fc0620c4817cab2f,Completed
21-12-28 16:34:23,AVAX,AVAXC,2.3,0xbe932e2a4fff2a5140d77b711c2c7b060d24703e,0xc989aa228b1a069ec9fc04a043ae29823834c75a855173227db6715ca54e9e80,Completed
21-12-24 13:12:11,AVAX,AVAXC,1.3,0xbe932e2a4fff2a5140d77b711c2c7b060d24703e,0x96e8f654e77e35b40aa5e5fb13fc9435b119321ff62916680516e6516e1f2b4d,Completed
21-12-24 13:02:06,AVAX,AVAXC,0.1,0xbe932e2a4fff2a5140d77b711c2c7b060d24703e,0x3f9fb6188577c50d22331769aff6eb8686a227c31a049868757adb69b098d3b9,Completed
21-12-21 17:30:34,ETH,ETH,0.197489417042432,0xbe932e2a4fff2a5140d77b711c2c7b060d24703e,0x054dcda39532f94b8dedf3034ce51fd13e6a232d55c0323356a7865318c373ba,Completed
21-12-18 04:12:07,AVAX,AVAXC,0.148664514195588694,0xbe932e2a4fff2a5140d77b711c2c7b060d24703e,0xff7392a637ba2facf9eb58dafa68f20eeed8488582781035afcb0248dd693380,Completed
21-12-17 20:10:00,AVAX,AVAXC,0.999475,0xbe932e2a4fff2a5140d77b711c2c7b060d24703e,0x496b50a4dd0d1c2bbdf7974d58d2e8e21cb304cd83f8450d8d5a1aa00def198d,Completed
21-12-12 01:06:13,QI,AVAXC,1814.666254260325312462,0xbe932e2a4fff2a5140d77b711c2c7b060d24703e,0xb35d23605a9e9181029430da28b74fa3f95f7710dbd2e0536df71335662d3650,Completed
21-12-12 01:04:08,QI,AVAXC,273.677287168058867303,0xbe932e2a4fff2a5140d77b711c2c7b060d24703e,0x6b1040baf1ed9616a3b481d6b964e4b811c79e41ca6e8c46ec8c3f253e8a360d,Completed
21-12-07 18:48:12,AVAX,AVAXC,0.169475,0xbe932e2a4fff2a5140d77b711c2c7b060d24703e,0x96923662606f75215c1ba22e07aca4047c66dbf5cd21670fd0a9d971a42143c9,Completed
21-12-04 16:24:04,AVAX,AVAXC,0.293922514274731374,0xbe932e2a4fff2a5140d77b711c2c7b060d24703e,0x1b3c2180e069e173ae3ea60b3fdfe489501779a18fdc29586ada73aa336d034d,Completed
21-12-02 21:30:15,MATIC,MATIC,2.126784666724259768,0xbe932e2a4fff2a5140d77b711c2c7b060d24703e,0x860119bcf341b298695b67ab961790c9c3a8e1ccc0b1e9952318e5f339fc28ae,Completed
21-11-28 20:22:00,AVAX,AVAXC,1.971187968086013947,0xbe932e2a4fff2a5140d77b711c2c7b060d24703e,0x65f64cffa6336bec93a301e9038aac0fc3dc2c4a58ed3fb7a493520fc9ff0587,Completed
21-11-28 17:12:21,AVAX,AVAXC,6,0xbe932e2a4fff2a5140d77b711c2c7b060d24703e,0xb9c5fcbbbe0e29a5516afe23d698770bbcfc7bbdc8f859c5e133eecfda012b7f,Completed
21-11-21 12:40:02,AVAX,AVAXC,3.63895,0xbe932e2a4fff2a5140d77b711c2c7b060d24703e,0xf915071af7604d4656a6fc273e2d4b45de166fbd3a94f9374a6ab1efe11a2b5e,Completed
21-11-20 16:00:09,AVAX,AVAXC,4.999475,0xbe932e2a4fff2a5140d77b711c2c7b060d24703e,0x45ea6ca48368fb01edbb11a023610bd6f3305eae63f5034cd01c8776ab82cd6c,Completed
21-11-11 04:49:43,MATIC,MATIC,5.543758049258294,0xbe932e2a4fff2a5140d77b711c2c7b060d24703e,0x9d10ea1cf58ee2d973e18bea39ee0e16682413297d49915fb2e0b874aa1a9814,Completed
21-11-03 14:28:52,BNB,BSC,2.639147339287742796,0xbe932e2a4fff2a5140d77b711c2c7b060d24703e,0x56bca7e582298589f0c4fa839421323de08724370a2b117d2b980f704b885d81,Completed
21-10-31 16:06:11,BNB,BSC,10.2,0xbe932e2a4fff2a5140d77b711c2c7b060d24703e,0x8b5be343b075927968a1dac0ebca187b754b3806705072ec5d05f6f2538c93ee,Completed
21-10-16 06:12:33,ETH,ETH,0.001638658704908,0xbe932e2a4fff2a5140d77b711c2c7b060d24703e,0x928fc83f3a0c3a4e931804878cf889729ef47362f076800ef399ceb6a6522267,Completed
21-10-12 23:13:42,USDT,TRX,85.9912,TS22ymaFusBD6R4J7PQjpmHfBMKhN7Lr5o,Off-chain transfer 80850636990,Completed
21-10-09 23:23:02,USDT,TRX,244.030923,TS22ymaFusBD6R4J7PQjpmHfBMKhN7Lr5o,Off-chain transfer 80495138992,Completed
21-10-08 18:21:43,USDT,TRX,39.341592,TS22ymaFusBD6R4J7PQjpmHfBMKhN7Lr5o,Off-chain transfer 80341271721,Completed
21-10-06 13:11:47,USDT,TRX,22.067766,TS22ymaFusBD6R4J7PQjpmHfBMKhN7Lr5o,Off-chain transfer 79959770075,Completed
21-10-05 11:40:06,USDT,TRX,47.581981,TS22ymaFusBD6R4J7PQjpmHfBMKhN7Lr5o,Off-chain transfer 79787407201,Completed
21-09-29 13:42:19,AVAX,AVAXC,0.855476744796088231,0xbe932e2a4fff2a5140d77b711c2c7b060d24703e,0xe50163dcb67d1c240745a2586fa251762196432638ba9f4844a0062673173c39,Completed
21-09-27 23:26:02,AVAX,AVAXC,11,0xbe932e2a4fff2a5140d77b711c2c7b060d24703e,0xa2d3547a029241f1c3b5484384311abe820ae3cad9cee632521bf8f473b028c1,Completed
21-09-10 23:51:52,MATIC,MATIC,10.277207490162404076,0xbe932e2a4fff2a5140d77b711c2c7b060d24703e,0xb10d4bae7f02db79ee343c76d801b8d36c7036b085722df04680097b2ad0c14f,Completed
21-09-05 21:36:02,USDT,TRX,161.2644,TS22ymaFusBD6R4J7PQjpmHfBMKhN7Lr5o,46fcbd1586518424b622c6c5800dfe6753bf4e9bf5172abe7b24c49e59743703,Completed
21-09-03 11:01:14,MATIC,MATIC,99.88289669,0xbe932e2a4fff2a5140d77b711c2c7b060d24703e,0x40b09d962b88b882cc65f7493271c12f32aca5050b2196e19d946692f94ca86a,Completed
21-09-02 09:28:09,MATIC,MATIC,1299.855159,0xbe932e2a4fff2a5140d77b711c2c7b060d24703e,0x213e2bcbd52c103f8071bbc0e0c474965bc9ed067bbe42586d0488a3aa6b1b6f,Completed
21-09-02 08:39:34,MATIC,MATIC,2098.818918,0xbe932e2a4fff2a5140d77b711c2c7b060d24703e,0x62e4889ab7f62190dc2e09a607c403c053f31d74c84b3bb7b56933233952809e,Completed
21-09-01 11:14:00,AVAX,AVAX,0.57519386,X-avax13waywfwuudz00qg22u964qqwsn65655ucfrmvs,3cuA8MMu5upn9ZmSJAqc8LCszeJZxedZ8zN3ZrHSHqVM7yiYK,Completed
21-08-31 10:06:23,XRP,XRP,38.643388,rEb8TK3gBgk5auZkwc6sHnwrGVJH8DuaLh,E904C3F713BA000868F16E578A02AFBA72A8A27153709F7C00D32047487A482C,Completed
21-08-31 08:30:00,AVAX,AVAX,0.997,X-avax13waywfwuudz00qg22u964qqwsn65655ucfrmvs,2EUJzTN8tzTsGLHA3xBv8PNxCwPbgtqUF5VbUjeF2ihXQTTazZ,Completed
21-08-30 23:28:00,AVAX,AVAX,2.397,X-avax13waywfwuudz00qg22u964qqwsn65655ucfrmvs,2UrEbRJuEUK1WvmWo1EU6ZKv6YcjgwZ6rDiQoM5PRg14UTBCqQ,Completed
21-08-23 07:58:30,MATIC,MATIC,28.10797398,0xbe932e2a4fff2a5140d77b711c2c7b060d24703e,0x7e34dabecf6521f6b5f167276a7f38b703175981e13c6ca9c863856469332387,Completed
21-08-20 17:34:06,USDT,ETH,184.774371,0xbe932e2a4fff2a5140d77b711c2c7b060d24703e,Off-chain transfer 73566833080,Completed
21-08-15 02:14:23,XRP,XRP,244,rEb8TK3gBgk5auZkwc6sHnwrGVJH8DuaLh,A0C67CFDF55CCB349C44F7D9B9C344CEF34DEF771268923049742C34E7679528,Completed
21-08-14 20:16:21,XRP,XRP,48.1,rEb8TK3gBgk5auZkwc6sHnwrGVJH8DuaLh,1665A7402898540313FE5462355064236F492BF700DA0B97BB2165B90E013BE2,Completed
21-08-12 19:43:25,MATIC,MATIC,14.783141,0xbe932e2a4fff2a5140d77b711c2c7b060d24703e,0x0d20b037f5caf744b1b614c0e161f8eea6257afc13b89348d019bb88271fa8ae,Completed
21-08-05 16:04:22,BNB,BSC,0.08098717,0xbe932e2a4fff2a5140d77b711c2c7b060d24703e,0x15fe51de91086422e3b1a0128a024226d205ce1f4b132259cf5beab8964943e9,Completed
21-07-30 22:48:00,AVAX,AVAX,1.25954945,X-avax13waywfwuudz00qg22u964qqwsn65655ucfrmvs,rLAGGwXMxGuyYyuWg6FUqZ7ZHxZyfEUyNyBr8W1ZZ8w9xrU5N,Completed
21-07-15 01:22:00,AVAX,AVAX,0.12906585,X-avax13waywfwuudz00qg22u964qqwsn65655ucfrmvs,4AXk9Jde2Rz3S5yJpqPmsTHbpyFo1z3GeciAoRfQfv7AAQKhi,Completed
21-07-09 17:15:01,BNB,BSC,0.073048595373405544,0xbe932e2a4fff2a5140d77b711c2c7b060d24703e,0xc70979e5dc03970e98a8913be6f631655f109e3182ecb3b8bfed0023785febdb,Completed
21-07-09 16:00:02,LTC,LTC,0.87591575,LMhNZhVWHk1seMjQ6eJvGcYrHPXWEw37tv,b21e57ce1068b093f9bf15085754f40203203fd5d5d2868c1bb9e0959fb3f464,Completed
21-07-07 16:36:53,BTC,BTC,0.00009401,1HxjPNzuV22Q6Nam66h1Gyrej4FoVt6cFr,e42fbadb877baa4f14417ad419d79f2c4ff8fb44aefa74dc4875c2eb0cf4edc0,Completed
21-07-05 20:54:32,ETH,ETH,0.00905282082372705,0xbe932e2a4fff2a5140d77b711c2c7b060d24703e,0x53a46d4bf2c56482f82d8f004bb7afce71e9d2dd96b580a5748d4ebe1782d300,Completed
21-07-05 15:44:00,AVAX,AVAX,1.022430975,X-avax13waywfwuudz00qg22u964qqwsn65655ucfrmvs,2S1f6wFAJAK8TkFn2VWLXsrTH5iStp2SqdUhhmmm2FMwYSpXSp,Completed
21-07-05 12:10:00,AVAX,AVAX,2.2788505,X-avax13waywfwuudz00qg22u964qqwsn65655ucfrmvs,2aFMMwyeD4uPUAjP7dC55eJUZoXv8VbH4YmDMSd7pZxqnDXJib,Completed
21-06-29 13:24:06,LTC,LTC,0.32951695,LMhNZhVWHk1seMjQ6eJvGcYrHPXWEw37tv,270ad93651109f4dd4aef8dabba769495fa466c1b7f1f32f14f466909384de48,Completed
21-06-27 13:46:00,AVAX,AVAX,2.517186,X-avax13waywfwuudz00qg22u964qqwsn65655ucfrmvs,2V8Vx5XdmYDsqjw2Ng7qqvFKBduqzJQ1UVbiBHvNXxPEwTYwFX,Completed
21-06-18 18:32:00,AVAX,AVAX,1.341411,X-avax13waywfwuudz00qg22u964qqwsn65655ucfrmvs,deF3snNbehDGUjs4HoMAip77mFbaCm7N4QneJV8c6mQRoFrxL,Completed
21-06-18 12:56:08,LTC,LTC,0.29510266,LMhNZhVWHk1seMjQ6eJvGcYrHPXWEw37tv,981f35632342f9ca8c4ef3116300519ffcd691969692e59f6d23253e74d5dbbe,Completed
21-05-23 19:44:59,BTC,BTC,0.00286635,1HxjPNzuV22Q6Nam66h1Gyrej4FoVt6cFr,29eebbbb59d0fb22be6a175589ae8b174816660e33569ed8b348569733f523e4,Completed
21-05-12 12:22:04,LTC,LTC,0.12738429,LMhNZhVWHk1seMjQ6eJvGcYrHPXWEw37tv,40b9d016536d69f0745280fa25879fc14dff407051237115bf74822c2f668d52,Completed
21-04-25 10:32:04,LTC,LTC,0.20947537,LMhNZhVWHk1seMjQ6eJvGcYrHPXWEw37tv,a469b3875f08a408993c4b4ed6149822620cf369962452c7d9c95a3a6a80ee85,Completed
21-04-22 15:02:10,LTC,LTC,0.34107132,LMhNZhVWHk1seMjQ6eJvGcYrHPXWEw37tv,be354743980be0b1090e82591ee56a7ae5f41eadf5624d15eea661ad0c6fdf88,Completed
21-04-17 07:14:40,ETH,ETH,0.048282753,0xbe932e2a4fff2a5140d77b711c2c7b060d24703e,0xd8ea8d0cfd7cdba444623a7f3f84300c5a1a0ce574ff34ce67932fcbe3fa07cc,Completed
21-04-16 23:24:44,IDEX,ETH,489.180842556308824538,0xbe932e2a4fff2a5140d77b711c2c7b060d24703e,0xf2219151ac79b36e8cd748e0a036dcfb0125ba9853e8a6589079f57ae5d02699,Completed
21-04-04 09:30:00,AVAX,AVAX,0.56876,X-avax13waywfwuudz00qg22u964qqwsn65655ucfrmvs,2224rkbaEFb9dTY1jhpDGEhWHXk3zd7A51Jv8e6MWMyEkt9jGn,Completed
21-04-03 18:56:00,AVAX,AVAX,0.3,X-avax13waywfwuudz00qg22u964qqwsn65655ucfrmvs,kQ2qGSC63AG3R3hK45PEFbypsAS14X86P115ESLqBLt8gnjnv,Completed
21-04-03 18:52:00,AVAX,AVAX,0.2,X-avax13waywfwuudz00qg22u964qqwsn65655ucfrmvs,2SJnVN1NeKeesSXoKfGhmfA9yCu1owrEzucn6nKdqRUXq8dp1P,Completed
21-03-21 22:16:33,BTC,BTC,0.00150002,1HxjPNzuV22Q6Nam66h1Gyrej4FoVt6cFr,fd98388b95ff29ab7694739819af02ebb8c5d3e8fb7d92718476eb974ddb0ced,Completed
21-03-12 18:32:04,LTC,LTC,0.22248381,LMhNZhVWHk1seMjQ6eJvGcYrHPXWEw37tv,5a8db8ac178daf6ba7716f5c0de3dec6b50e4ee0396d2927655897311107c83a,Completed
21-03-08 12:06:06,IDEX,ETH,766.980751442723773053,0xbe932e2a4fff2a5140d77b711c2c7b060d24703e,0xa6950882393cfc81508c273e8d9ff5a9e646dbc74686435468e5688321a2ce34,Completed
21-03-01 18:50:46,BTC,BTC,0.00509956,1HxjPNzuV22Q6Nam66h1Gyrej4FoVt6cFr,88896ad72781b3eff5a8ab4f0383f154bb60302e45837727bac28535827efdc4,Completed
21-01-30 17:18:13,BTC,BTC,0.01514274,1HxjPNzuV22Q6Nam66h1Gyrej4FoVt6cFr,c847754ef40716ca51b97173bd930cb8db99b91b0004fd583d0e737798e64025,Completed
17-12-30 16:49:53,ETH,ETH,0.16515003,0xbe932e2a4fff2a5140d77b711c2c7b060d24703e,0x7cf5ec25cb30c38544d307d5d05b915c5cf94043350af557e74b7d5767db5a59,Completed
