"streak_rank","streak_length","window_role","position_seq","position_symbol","position_open_utc","position_close_utc","position_realized","position_fee","position_pnl","position_outcome","position_n_fills","position_order_ids","Uid","Time(UTC)","Symbol","Side","Position Side","Price","Quantity","Amount","Fee","Realized Profit","Buyer","Maker","Trade Id","Order Id"
"1","32","PRE_WIN_BOUNDARY","1","ADAUSDT","2021-03-01 05:44:18","2021-03-01 05:45:14","3.62795000","-0.00071802","3.62723198","WIN","2","10686746169|10686865911","11207629","2021-03-01 05:44:18","ADAUSDT","BUY","BOTH","1.25750000","345.00000000","433.83750000","-0.00070169 BNB","3.62250000","true","false","116114367","10686746169"
"1","32","PRE_WIN_BOUNDARY","1","ADAUSDT","2021-03-01 05:44:18","2021-03-01 05:45:14","3.62795000","-0.00071802","3.62723198","WIN","2","10686746169|10686865911","11207629","2021-03-01 05:45:14","ADAUSDT","BUY","BOTH","1.26255000","8.00000000","10.10040000","-0.00001633 BNB","0.00545000","true","false","116115118","10686865911"
"1","32","LOSS_STREAK","2","DOTUSDT","2021-03-01 05:44:19","2021-03-01 05:45:25","-1.14239999","-0.00177353","-1.14417352","LOSS","5","3496600132|3496734920","11207629","2021-03-01 05:44:19","DOTUSDT","SELL","BOTH","33.28000000","5.40000000","179.71200000","-0.00029073 BNB","0E-8","false","false","78629963","3496600132"
"1","32","LOSS_STREAK","2","DOTUSDT","2021-03-01 05:44:19","2021-03-01 05:45:25","-1.14239999","-0.00177353","-1.14417352","LOSS","5","3496600132|3496734920","11207629","2021-03-01 05:44:19","DOTUSDT","SELL","BOTH","33.28500000","4.00000000","133.14000000","-0.00021539 BNB","-0.36000000","false","false","78629961","3496600132"
"1","32","LOSS_STREAK","2","DOTUSDT","2021-03-01 05:44:19","2021-03-01 05:45:25","-1.14239999","-0.00177353","-1.14417352","LOSS","5","3496600132|3496734920","11207629","2021-03-01 05:45:25","DOTUSDT","BUY","BOTH","33.35600000","0.90000000","30.02040000","-0.00004854 BNB","0E-8","true","false","78630441","3496734920"
"1","32","LOSS_STREAK","2","DOTUSDT","2021-03-01 05:44:19","2021-03-01 05:45:25","-1.14239999","-0.00177353","-1.14417352","LOSS","5","3496600132|3496734920","11207629","2021-03-01 05:45:25","DOTUSDT","BUY","BOTH","33.35800000","2.60000000","86.73080000","-0.00014023 BNB","0E-8","true","false","78630442","3496734920"
"1","32","LOSS_STREAK","2","DOTUSDT","2021-03-01 05:44:19","2021-03-01 05:45:25","-1.14239999","-0.00177353","-1.14417352","LOSS","5","3496600132|3496734920","11207629","2021-03-01 05:45:25","DOTUSDT","BUY","BOTH","33.35500000","20.00000000","667.10000000","-0.00107864 BNB","-0.78239999","true","false","78630440","3496734920"
"1","32","LOSS_STREAK","3","TRXUSDT","2021-03-01 05:44:46","2021-03-01 05:45:45","-0.34727000","-0.00117995","-0.34844995","LOSS","2","2619951295|2619999482","11207629","2021-03-01 05:44:46","TRXUSDT","SELL","BOTH","0.04523000","4961.00000000","224.38603000","-0.00036315 BNB","0E-8","false","false","60953122","2619951295"
"1","32","LOSS_STREAK","3","TRXUSDT","2021-03-01 05:44:46","2021-03-01 05:45:45","-0.34727000","-0.00117995","-0.34844995","LOSS","2","2619951295|2619999482","11207629","2021-03-01 05:45:45","TRXUSDT","BUY","BOTH","0.04530000","11162.00000000","505.63860000","-0.00081680 BNB","-0.34727000","true","false","60953177","2619999482"
"1","32","LOSS_STREAK","4","TRXUSDT","2021-03-01 05:46:17","2021-03-01 05:46:17","-0.37206000","-0.00102000","-0.37308000","LOSS","1","2620002132","11207629","2021-03-01 05:46:17","TRXUSDT","SELL","BOTH","0.04524000","13952.00000000","631.18848000","-0.00102000 BNB","-0.37206000","false","false","60953271","2620002132"
"1","32","LOSS_STREAK","5","ADAUSDT","2021-03-01 05:45:14","2021-03-01 05:47:43","-0.37121000","-0.00077177","-0.37198177","LOSS","2","10686865911|10686886746","11207629","2021-03-01 05:45:14","ADAUSDT","BUY","BOTH","1.26262000","111.00000000","140.15082000","-0.00022660 BNB","0E-8","true","false","116115119","10686865911"
"1","32","LOSS_STREAK","5","ADAUSDT","2021-03-01 05:45:14","2021-03-01 05:47:43","-0.37121000","-0.00077177","-0.37198177","LOSS","2","10686865911|10686886746","11207629","2021-03-01 05:47:43","ADAUSDT","SELL","BOTH","1.25947000","267.00000000","336.27849000","-0.00054517 BNB","-0.37121000","false","false","116116300","10686886746"
"1","32","LOSS_STREAK","6","DOTUSDT","2021-03-01 05:48:37","2021-03-01 05:48:37","-1.08376615","-0.00157812","-1.08534427","LOSS","1","3496749811","11207629","2021-03-01 05:48:37","DOTUSDT","SELL","BOTH","33.27100000","29.20000000","971.51320000","-0.00157812 BNB","-1.08376615","false","false","78631709","3496749811"
"1","32","LOSS_STREAK","7","DOTUSDT","2021-03-01 05:48:37","2021-03-01 05:50:04","-1.11233384","-0.00109396","-1.11342780","LOSS","2","3496749811|3496794105","11207629","2021-03-01 05:48:37","DOTUSDT","SELL","BOTH","33.27400000","0.20000000","6.65480000","-0.00001081 BNB","-0.01633384","false","false","78631708","3496749811"
"1","32","LOSS_STREAK","7","DOTUSDT","2021-03-01 05:48:37","2021-03-01 05:50:04","-1.11233384","-0.00109396","-1.11342780","LOSS","2","3496749811|3496794105","11207629","2021-03-01 05:50:04","DOTUSDT","BUY","BOTH","33.35100000","20.00000000","667.02000000","-0.00108315 BNB","-1.09600000","true","false","78632327","3496794105"
"1","32","LOSS_STREAK","8","DOTUSDT","2021-03-01 05:50:04","2021-03-01 05:50:05","-0.27779999","-0.00201483","-0.27981482","LOSS","6","3496794105|3496816188","11207629","2021-03-01 05:50:04","DOTUSDT","BUY","BOTH","33.35100000","2.70000000","90.04770000","-0.00014622 BNB","-0.21600000","true","false","78632326","3496794105"
"1","32","LOSS_STREAK","8","DOTUSDT","2021-03-01 05:50:04","2021-03-01 05:50:05","-0.27779999","-0.00201483","-0.27981482","LOSS","6","3496794105|3496816188","11207629","2021-03-01 05:50:04","DOTUSDT","BUY","BOTH","33.35500000","7.80000000","260.16900000","-0.00042248 BNB","0E-8","true","false","78632329","3496794105"
"1","32","LOSS_STREAK","8","DOTUSDT","2021-03-01 05:50:04","2021-03-01 05:50:05","-0.27779999","-0.00201483","-0.27981482","LOSS","6","3496794105|3496816188","11207629","2021-03-01 05:50:04","DOTUSDT","BUY","BOTH","33.35600000","6.00000000","200.13600000","-0.00032499 BNB","0E-8","true","false","78632330","3496794105"
"1","32","LOSS_STREAK","8","DOTUSDT","2021-03-01 05:50:04","2021-03-01 05:50:05","-0.27779999","-0.00201483","-0.27981482","LOSS","6","3496794105|3496816188","11207629","2021-03-01 05:50:04","DOTUSDT","BUY","BOTH","33.35300000","0.30000000","10.00590000","-0.00001624 BNB","0E-8","true","false","78632328","3496794105"
"1","32","LOSS_STREAK","8","DOTUSDT","2021-03-01 05:50:04","2021-03-01 05:50:05","-0.27779999","-0.00201483","-0.27981482","LOSS","6","3496794105|3496816188","11207629","2021-03-01 05:50:05","DOTUSDT","SELL","BOTH","33.35100000","20.00000000","667.02000000","-0.00108324 BNB","-0.06058823","false","false","78632338","3496816188"
"1","32","LOSS_STREAK","8","DOTUSDT","2021-03-01 05:50:04","2021-03-01 05:50:05","-0.27779999","-0.00201483","-0.27981482","LOSS","6","3496794105|3496816188","11207629","2021-03-01 05:50:05","DOTUSDT","SELL","BOTH","33.35100000","0.40000000","13.34040000","-0.00002166 BNB","-0.00121176","false","false","78632339","3496816188"
"1","32","LOSS_STREAK","9","ADAUSDT","2021-03-01 05:55:29","2021-03-01 05:55:29","-0.39511000","-0.00068754","-0.39579754","LOSS","5","10686928610","11207629","2021-03-01 05:55:29","ADAUSDT","BUY","BOTH","1.26208000","6.00000000","7.57248000","-0.00001235 BNB","-0.01566000","true","false","116120408","10686928610"
"1","32","LOSS_STREAK","9","ADAUSDT","2021-03-01 05:55:29","2021-03-01 05:55:29","-0.39511000","-0.00068754","-0.39579754","LOSS","5","10686928610","11207629","2021-03-01 05:55:29","ADAUSDT","BUY","BOTH","1.26216000","33.00000000","41.65128000","-0.00006793 BNB","0E-8","true","false","116120411","10686928610"
"1","32","LOSS_STREAK","9","ADAUSDT","2021-03-01 05:55:29","2021-03-01 05:55:29","-0.39511000","-0.00068754","-0.39579754","LOSS","5","10686928610","11207629","2021-03-01 05:55:29","ADAUSDT","BUY","BOTH","1.26209000","11.00000000","13.88299000","-0.00002264 BNB","-0.02882000","true","false","116120409","10686928610"
"1","32","LOSS_STREAK","9","ADAUSDT","2021-03-01 05:55:29","2021-03-01 05:55:29","-0.39511000","-0.00068754","-0.39579754","LOSS","5","10686928610","11207629","2021-03-01 05:55:29","ADAUSDT","BUY","BOTH","1.26206000","7.00000000","8.83442000","-0.00001440 BNB","-0.01813000","true","false","116120407","10686928610"
"1","32","LOSS_STREAK","9","ADAUSDT","2021-03-01 05:55:29","2021-03-01 05:55:29","-0.39511000","-0.00068754","-0.39579754","LOSS","5","10686928610","11207629","2021-03-01 05:55:29","ADAUSDT","BUY","BOTH","1.26213000","277.00000000","349.61001000","-0.00057022 BNB","-0.33250000","true","false","116120410","10686928610"
"1","32","LOSS_STREAK","10","ADAUSDT","2021-03-01 05:56:52","2021-03-01 05:56:52","-0.55598999","-0.00085654","-0.55684653","LOSS","1","10687060689","11207629","2021-03-01 05:56:52","ADAUSDT","SELL","BOTH","1.25913000","418.00000000","526.31634000","-0.00085654 BNB","-0.55598999","false","false","116121161","10687060689"
"1","32","LOSS_STREAK","11","BTCUSDT","2021-03-01 05:57:12","2021-03-01 05:57:12","-0.45495000","-0.00082760","-0.45577760","LOSS","1","15202720167","11207629","2021-03-01 05:57:12","BTCUSDT","BUY","BOTH","46224.99000000","0.01100000","508.47489000","-0.00082760 BNB","-0.45495000","true","false","552766646","15202720167"
"1","32","LOSS_STREAK","12","ADAUSDT","2021-03-01 05:58:11","2021-03-01 05:58:11","-0.76890000","-0.00107188","-0.76997188","LOSS","2","10687083972","11207629","2021-03-01 05:58:11","ADAUSDT","BUY","BOTH","1.26246000","222.00000000","280.26612000","-0.00045586 BNB","0E-8","true","false","116121799","10687083972"
"1","32","LOSS_STREAK","12","ADAUSDT","2021-03-01 05:58:11","2021-03-01 05:58:11","-0.76890000","-0.00107188","-0.76997188","LOSS","2","10687083972","11207629","2021-03-01 05:58:11","ADAUSDT","BUY","BOTH","1.26243000","300.00000000","378.72900000","-0.00061602 BNB","-0.76890000","true","false","116121798","10687083972"
"1","32","LOSS_STREAK","13","XRPUSDT","2021-03-01 05:49:10","2021-03-01 06:00:04","-0.48321000","-0.00118673","-0.48439673","LOSS","2","11492310661|11492395846","11207629","2021-03-01 05:49:10","XRPUSDT","SELL","BOTH","0.41800000","536.90000000","224.42420000","-0.00036546 BNB","0E-8","false","false","225873825","11492310661"
"1","32","LOSS_STREAK","13","XRPUSDT","2021-03-01 05:49:10","2021-03-01 06:00:04","-0.48321000","-0.00118673","-0.48439673","LOSS","2","11492310661|11492395846","11207629","2021-03-01 06:00:04","XRPUSDT","BUY","BOTH","0.41890000","1208.00000000","506.03120000","-0.00082127 BNB","-0.48321000","true","false","225874972","11492395846"
"1","32","LOSS_STREAK","14","TRXUSDT","2021-03-01 06:00:08","2021-03-01 06:00:08","-0.49357000","-0.00123050","-0.49480050","LOSS","5","2620004341","11207629","2021-03-01 06:00:08","TRXUSDT","BUY","BOTH","0.04531000","700.00000000","31.71700000","-0.00005145 BNB","-0.04900000","true","false","60954299","2620004341"
"1","32","LOSS_STREAK","14","TRXUSDT","2021-03-01 06:00:08","2021-03-01 06:00:08","-0.49357000","-0.00123050","-0.49480050","LOSS","5","2620004341","11207629","2021-03-01 06:00:08","TRXUSDT","BUY","BOTH","0.04531000","700.00000000","31.71700000","-0.00005145 BNB","-0.04900000","true","false","60954298","2620004341"
"1","32","LOSS_STREAK","14","TRXUSDT","2021-03-01 06:00:08","2021-03-01 06:00:08","-0.49357000","-0.00123050","-0.49480050","LOSS","5","2620004341","11207629","2021-03-01 06:00:08","TRXUSDT","BUY","BOTH","0.04531000","176.00000000","7.97456000","-0.00001293 BNB","-0.01232000","true","false","60954296","2620004341"
"1","32","LOSS_STREAK","14","TRXUSDT","2021-03-01 06:00:08","2021-03-01 06:00:08","-0.49357000","-0.00123050","-0.49480050","LOSS","5","2620004341","11207629","2021-03-01 06:00:08","TRXUSDT","BUY","BOTH","0.04531000","700.00000000","31.71700000","-0.00005145 BNB","-0.04900000","true","false","60954300","2620004341"
"1","32","LOSS_STREAK","14","TRXUSDT","2021-03-01 06:00:08","2021-03-01 06:00:08","-0.49357000","-0.00123050","-0.49480050","LOSS","5","2620004341","11207629","2021-03-01 06:00:08","TRXUSDT","BUY","BOTH","0.04531000","14465.00000000","655.40915000","-0.00106322 BNB","-0.33425000","true","false","60954301","2620004341"
"1","32","LOSS_STREAK","15","BTCUSDT","2021-03-01 06:03:11","2021-03-01 06:03:11","-0.59238000","-0.00105136","-0.59343136","LOSS","1","15203240267","11207629","2021-03-01 06:03:11","BTCUSDT","SELL","BOTH","46126.26000000","0.01400000","645.76764000","-0.00105136 BNB","-0.59238000","false","false","552773596","15203240267"
"1","32","LOSS_STREAK","16","ADAUSDT","2021-03-01 06:03:39","2021-03-01 06:03:39","-1.00054477","-0.00132928","-1.00187405","LOSS","1","10687105649","11207629","2021-03-01 06:03:39","ADAUSDT","SELL","BOTH","1.25893000","648.00000000","815.78664000","-0.00132928 BNB","-1.00054477","false","false","116125520","10687105649"
"1","32","LOSS_STREAK","17","XRPUSDT","2021-03-01 06:03:49","2021-03-01 06:03:49","-0.66660000","-0.00098383","-0.66758383","LOSS","5","11492442147","11207629","2021-03-01 06:03:49","XRPUSDT","SELL","BOTH","0.41780000","60.00000000","25.06800000","-0.00004085 BNB","-0.06600000","false","false","225875496","11492442147"
"1","32","LOSS_STREAK","17","XRPUSDT","2021-03-01 06:03:49","2021-03-01 06:03:49","-0.66660000","-0.00098383","-0.66758383","LOSS","5","11492442147","11207629","2021-03-01 06:03:49","XRPUSDT","SELL","BOTH","0.41780000","60.00000000","25.06800000","-0.00004085 BNB","-0.06600000","false","false","225875495","11492442147"
"1","32","LOSS_STREAK","17","XRPUSDT","2021-03-01 06:03:49","2021-03-01 06:03:49","-0.66660000","-0.00098383","-0.66758383","LOSS","5","11492442147","11207629","2021-03-01 06:03:49","XRPUSDT","SELL","BOTH","0.41780000","60.00000000","25.06800000","-0.00004085 BNB","-0.06600000","false","false","225875499","11492442147"
"1","32","LOSS_STREAK","17","XRPUSDT","2021-03-01 06:03:49","2021-03-01 06:03:49","-0.66660000","-0.00098383","-0.66758383","LOSS","5","11492442147","11207629","2021-03-01 06:03:49","XRPUSDT","SELL","BOTH","0.41780000","60.00000000","25.06800000","-0.00004085 BNB","-0.06600000","false","false","225875497","11492442147"
"1","32","LOSS_STREAK","17","XRPUSDT","2021-03-01 06:03:49","2021-03-01 06:03:49","-0.66660000","-0.00098383","-0.66758383","LOSS","5","11492442147","11207629","2021-03-01 06:03:49","XRPUSDT","SELL","BOTH","0.41780000","1204.90000000","503.40722000","-0.00082043 BNB","-0.40260000","false","false","225875500","11492442147"
"1","32","LOSS_STREAK","18","XRPUSDT","2021-03-01 06:03:49","2021-03-01 06:09:16","-0.81611000","-0.00125863","-0.81736863","LOSS","3","11492442147|11492461628","11207629","2021-03-01 06:03:49","XRPUSDT","SELL","BOTH","0.41780000","60.00000000","25.06800000","-0.00004085 BNB","-0.06600000","false","false","225875498","11492442147"
"1","32","LOSS_STREAK","18","XRPUSDT","2021-03-01 06:03:49","2021-03-01 06:09:16","-0.81611000","-0.00125863","-0.81736863","LOSS","3","11492442147|11492461628","11207629","2021-03-01 06:03:49","XRPUSDT","SELL","BOTH","0.41780000","5.10000000","2.13078000","-0.00000347 BNB","-0.00561000","false","false","225875494","11492442147"
"1","32","LOSS_STREAK","18","XRPUSDT","2021-03-01 06:03:49","2021-03-01 06:09:16","-0.81611000","-0.00125863","-0.81736863","LOSS","3","11492442147|11492461628","11207629","2021-03-01 06:09:16","XRPUSDT","BUY","BOTH","0.41880000","1793.10000000","750.95028000","-0.00121431 BNB","-0.74450000","true","false","225876232","11492461628"
"1","32","LOSS_STREAK","19","BTCUSDT","2021-03-01 06:09:23","2021-03-01 06:09:23","-0.74992000","-0.00126924","-0.75118924","LOSS","1","15203411978","11207629","2021-03-01 06:09:23","BTCUSDT","BUY","BOTH","46220.00000000","0.01700000","785.74000000","-0.00126924 BNB","-0.74992000","true","false","552781598","15203411978"
"1","32","LOSS_STREAK","20","XRPUSDT","2021-03-01 06:09:16","2021-03-01 06:13:24","-1.03813999","-0.00166193","-1.03980192","LOSS","4","11492461628|11492490476","11207629","2021-03-01 06:09:16","XRPUSDT","BUY","BOTH","0.41880000","60.00000000","25.12800000","-0.00004063 BNB","-0.06000000","true","false","225876229","11492461628"
"1","32","LOSS_STREAK","20","XRPUSDT","2021-03-01 06:09:16","2021-03-01 06:13:24","-1.03813999","-0.00166193","-1.03980192","LOSS","4","11492461628|11492490476","11207629","2021-03-01 06:09:16","XRPUSDT","BUY","BOTH","0.41880000","17.50000000","7.32900000","-0.00001185 BNB","-0.01750000","true","false","225876230","11492461628"
"1","32","LOSS_STREAK","20","XRPUSDT","2021-03-01 06:09:16","2021-03-01 06:13:24","-1.03813999","-0.00166193","-1.03980192","LOSS","4","11492461628|11492490476","11207629","2021-03-01 06:09:16","XRPUSDT","BUY","BOTH","0.41880000","16.90000000","7.07772000","-0.00001144 BNB","-0.01690000","true","false","225876231","11492461628"
"1","32","LOSS_STREAK","20","XRPUSDT","2021-03-01 06:09:16","2021-03-01 06:13:24","-1.03813999","-0.00166193","-1.03980192","LOSS","4","11492461628|11492490476","11207629","2021-03-01 06:13:24","XRPUSDT","SELL","BOTH","0.41790000","2359.40000000","985.99326000","-0.00159801 BNB","-0.94373999","false","false","225877197","11492490476"
"1","32","LOSS_STREAK","21","XRPUSDT","2021-03-01 06:16:21","2021-03-01 06:16:21","-1.04864000","-0.00199490","-1.05063490","LOSS","1","11492512582","11207629","2021-03-01 06:16:21","XRPUSDT","BUY","BOTH","0.41870000","2949.20000000","1234.83004000","-0.00199490 BNB","-1.04864000","true","false","225877549","11492512582"
"1","32","LOSS_STREAK","22","XRPUSDT","2021-03-01 06:16:22","2021-03-01 06:16:22","-0.16384000","-0.00110792","-0.16494792","LOSS","2","11492525380","11207629","2021-03-01 06:16:22","XRPUSDT","SELL","BOTH","0.41860000","1200.00000000","502.32000000","-0.00081147 BNB","-0.12000000","false","false","225877550","11492525380"
"1","32","LOSS_STREAK","22","XRPUSDT","2021-03-01 06:16:22","2021-03-01 06:16:22","-0.16384000","-0.00110792","-0.16494792","LOSS","2","11492525380","11207629","2021-03-01 06:16:22","XRPUSDT","SELL","BOTH","0.41860000","438.40000000","183.51424000","-0.00029645 BNB","-0.04384000","false","false","225877551","11492525380"
"1","32","LOSS_STREAK","23","ETHUSDT","2021-03-01 05:41:01","2021-03-01 06:18:32","-0.54275000","-0.00070741","-0.54345741","LOSS","3","8389765493423714340|8389765493423941963","11207629","2021-03-01 05:41:01","ETHUSDT","SELL","BOTH","1438.40000000","0.02600000","37.39840000","-0.00006031 BNB","-0.05720000","false","false","373771114","8389765493423714340"
"1","32","LOSS_STREAK","23","ETHUSDT","2021-03-01 05:41:01","2021-03-01 06:18:32","-0.54275000","-0.00070741","-0.54345741","LOSS","3","8389765493423714340|8389765493423941963","11207629","2021-03-01 06:18:32","ETHUSDT","BUY","BOTH","1441.02000000","0.07800000","112.39956000","-0.00018157 BNB","0E-8","true","false","373803471","8389765493423941963"
"1","32","LOSS_STREAK","23","ETHUSDT","2021-03-01 05:41:01","2021-03-01 06:18:32","-0.54275000","-0.00070741","-0.54345741","LOSS","3","8389765493423714340|8389765493423941963","11207629","2021-03-01 06:18:32","ETHUSDT","BUY","BOTH","1440.89000000","0.20000000","288.17800000","-0.00046553 BNB","-0.48555000","true","false","373803469","8389765493423941963"
"1","32","LOSS_STREAK","24","LTCUSDT","2021-03-01 06:18:56","2021-03-01 06:18:56","-1.01004000","-0.00160085","-1.01164085","LOSS","1","10761148779","11207629","2021-03-01 06:18:56","LTCUSDT","BUY","BOTH","165.80000000","5.98000000","991.48400000","-0.00160085 BNB","-1.01004000","true","false","140486707","10761148779"
"1","32","LOSS_STREAK","25","ETHUSDT","2021-03-01 06:18:32","2021-03-01 06:21:17","-0.67269999","-0.00164471","-0.67434470","LOSS","2","8389765493423941963|8389765493424876232","11207629","2021-03-01 06:18:32","ETHUSDT","BUY","BOTH","1440.90000000","0.16000000","230.54400000","-0.00037242 BNB","0E-8","true","false","373803470","8389765493423941963"
"1","32","LOSS_STREAK","25","ETHUSDT","2021-03-01 06:18:32","2021-03-01 06:21:17","-0.67269999","-0.00164471","-0.67434470","LOSS","2","8389765493423941963|8389765493424876232","11207629","2021-03-01 06:21:17","ETHUSDT","SELL","BOTH","1438.17000000","0.54800000","788.11716000","-0.00127229 BNB","-0.67269999","false","false","373806613","8389765493424876232"
"1","32","LOSS_STREAK","26","LTCUSDT","2021-03-01 06:21:21","2021-03-01 06:21:21","-1.26236000","-0.00199626","-1.26435626","LOSS","1","10761560074","11207629","2021-03-01 06:21:21","LTCUSDT","SELL","BOTH","165.42000000","7.47600000","1236.67992000","-0.00199626 BNB","-1.26236000","false","false","140487323","10761560074"
"1","32","LOSS_STREAK","27","BTCUSDT","2021-03-01 06:35:04","2021-03-01 06:35:04","-0.80279999","-0.00157566","-0.80437565","LOSS","1","15203627671","11207629","2021-03-01 06:35:04","BTCUSDT","SELL","BOTH","46130.80000000","0.02100000","968.74680000","-0.00157566 BNB","-0.80279999","false","false","552807300","15203627671"
"1","32","LOSS_STREAK","28","TRXUSDT","2021-03-01 06:00:08","2021-03-01 06:37:18","-0.62860000","-0.00121704","-0.62981704","LOSS","7","2620004341|2620047722","11207629","2021-03-01 06:00:08","TRXUSDT","BUY","BOTH","0.04531000","700.00000000","31.71700000","-0.00005145 BNB","-0.04900000","true","false","60954297","2620004341"
"1","32","LOSS_STREAK","28","TRXUSDT","2021-03-01 06:00:08","2021-03-01 06:37:18","-0.62860000","-0.00121704","-0.62981704","LOSS","7","2620004341|2620047722","11207629","2021-03-01 06:37:18","TRXUSDT","SELL","BOTH","0.04519000","110.00000000","4.97090000","-0.00000811 BNB","-0.01320000","false","false","60957781","2620047722"
"1","32","LOSS_STREAK","28","TRXUSDT","2021-03-01 06:00:08","2021-03-01 06:37:18","-0.62860000","-0.00121704","-0.62981704","LOSS","7","2620004341|2620047722","11207629","2021-03-01 06:37:18","TRXUSDT","SELL","BOTH","0.04518000","122.00000000","5.51196000","-0.00000899 BNB","0E-8","false","false","60957787","2620047722"
"1","32","LOSS_STREAK","28","TRXUSDT","2021-03-01 06:00:08","2021-03-01 06:37:18","-0.62860000","-0.00121704","-0.62981704","LOSS","7","2620004341|2620047722","11207629","2021-03-01 06:37:18","TRXUSDT","SELL","BOTH","0.04518000","700.00000000","31.62600000","-0.00005160 BNB","0E-8","false","false","60957786","2620047722"
"1","32","LOSS_STREAK","28","TRXUSDT","2021-03-01 06:00:08","2021-03-01 06:37:18","-0.62860000","-0.00121704","-0.62981704","LOSS","7","2620004341|2620047722","11207629","2021-03-01 06:37:18","TRXUSDT","SELL","BOTH","0.04518000","700.00000000","31.62600000","-0.00005160 BNB","0E-8","false","false","60957785","2620047722"
"1","32","LOSS_STREAK","28","TRXUSDT","2021-03-01 06:00:08","2021-03-01 06:37:18","-0.62860000","-0.00121704","-0.62981704","LOSS","7","2620004341|2620047722","11207629","2021-03-01 06:37:18","TRXUSDT","SELL","BOTH","0.04519000","4720.00000000","213.29680000","-0.00034804 BNB","-0.56640000","false","false","60957783","2620047722"
"1","32","LOSS_STREAK","28","TRXUSDT","2021-03-01 06:00:08","2021-03-01 06:37:18","-0.62860000","-0.00121704","-0.62981704","LOSS","7","2620004341|2620047722","11207629","2021-03-01 06:37:18","TRXUSDT","SELL","BOTH","0.04518000","9458.00000000","427.31244000","-0.00069725 BNB","0E-8","false","false","60957788","2620047722"
"1","32","LOSS_STREAK","29","TRXUSDT","2021-03-01 06:37:18","2021-03-01 07:02:56","-0.87523887","-0.00166238","-0.87690125","LOSS","8","2620047722|2620164886","11207629","2021-03-01 06:37:18","TRXUSDT","SELL","BOTH","0.04519000","5391.00000000","243.61929000","-0.00039752 BNB","-0.51120000","false","false","60957784","2620047722"
"1","32","LOSS_STREAK","29","TRXUSDT","2021-03-01 06:37:18","2021-03-01 07:02:56","-0.87523887","-0.00166238","-0.87690125","LOSS","8","2620047722|2620164886","11207629","2021-03-01 06:37:18","TRXUSDT","SELL","BOTH","0.04519000","150.00000000","6.77850000","-0.00001106 BNB","-0.01800000","false","false","60957780","2620047722"
"1","32","LOSS_STREAK","29","TRXUSDT","2021-03-01 06:37:18","2021-03-01 07:02:56","-0.87523887","-0.00166238","-0.87690125","LOSS","8","2620047722|2620164886","11207629","2021-03-01 06:37:18","TRXUSDT","SELL","BOTH","0.04519000","450.00000000","20.33550000","-0.00003318 BNB","-0.05400000","false","false","60957782","2620047722"
"1","32","LOSS_STREAK","29","TRXUSDT","2021-03-01 06:37:18","2021-03-01 07:02:56","-0.87523887","-0.00166238","-0.87690125","LOSS","8","2620047722|2620164886","11207629","2021-03-01 07:02:56","TRXUSDT","BUY","BOTH","0.04532000","700.00000000","31.72400000","-0.00005186 BNB","-0.09734629","true","false","60962571","2620164886"
"1","32","LOSS_STREAK","29","TRXUSDT","2021-03-01 06:37:18","2021-03-01 07:02:56","-0.87523887","-0.00166238","-0.87690125","LOSS","8","2620047722|2620164886","11207629","2021-03-01 07:02:56","TRXUSDT","BUY","BOTH","0.04532000","700.00000000","31.72400000","-0.00005186 BNB","-0.09734629","true","false","60962574","2620164886"
"1","32","LOSS_STREAK","29","TRXUSDT","2021-03-01 06:37:18","2021-03-01 07:02:56","-0.87523887","-0.00166238","-0.87690125","LOSS","8","2620047722|2620164886","11207629","2021-03-01 07:02:56","TRXUSDT","BUY","BOTH","0.04532000","4098.00000000","185.72136000","-0.00030362 BNB","0E-8","true","false","60962576","2620164886"
"1","32","LOSS_STREAK","29","TRXUSDT","2021-03-01 06:37:18","2021-03-01 07:02:56","-0.87523887","-0.00166238","-0.87690125","LOSS","8","2620047722|2620164886","11207629","2021-03-01 07:02:56","TRXUSDT","BUY","BOTH","0.04532000","700.00000000","31.72400000","-0.00005186 BNB","-0.09734629","true","false","60962568","2620164886"
"1","32","LOSS_STREAK","29","TRXUSDT","2021-03-01 06:37:18","2021-03-01 07:02:56","-0.87523887","-0.00166238","-0.87690125","LOSS","8","2620047722|2620164886","11207629","2021-03-01 07:02:56","TRXUSDT","BUY","BOTH","0.04532000","10277.00000000","465.75364000","-0.00076142 BNB","0E-8","true","false","60962578","2620164886"
"1","32","LOSS_STREAK","30","TRXUSDT","2021-03-01 07:02:56","2021-03-01 07:02:57","-1.54359105","-0.00191984","-1.54551089","LOSS","12","2620164886|2620282101","11207629","2021-03-01 07:02:56","TRXUSDT","BUY","BOTH","0.04532000","700.00000000","31.72400000","-0.00005186 BNB","-0.09734629","true","false","60962572","2620164886"
"1","32","LOSS_STREAK","30","TRXUSDT","2021-03-01 07:02:56","2021-03-01 07:02:57","-1.54359105","-0.00191984","-1.54551089","LOSS","12","2620164886|2620282101","11207629","2021-03-01 07:02:56","TRXUSDT","BUY","BOTH","0.04532000","115.00000000","5.21180000","-0.00000852 BNB","-0.01599260","true","false","60962563","2620164886"
"1","32","LOSS_STREAK","30","TRXUSDT","2021-03-01 07:02:56","2021-03-01 07:02:57","-1.54359105","-0.00191984","-1.54551089","LOSS","12","2620164886|2620282101","11207629","2021-03-01 07:02:56","TRXUSDT","BUY","BOTH","0.04532000","700.00000000","31.72400000","-0.00005186 BNB","-0.09734629","true","false","60962569","2620164886"
"1","32","LOSS_STREAK","30","TRXUSDT","2021-03-01 07:02:56","2021-03-01 07:02:57","-1.54359105","-0.00191984","-1.54551089","LOSS","12","2620164886|2620282101","11207629","2021-03-01 07:02:56","TRXUSDT","BUY","BOTH","0.04532000","700.00000000","31.72400000","-0.00005186 BNB","0E-8","true","false","60962577","2620164886"
"1","32","LOSS_STREAK","30","TRXUSDT","2021-03-01 07:02:56","2021-03-01 07:02:57","-1.54359105","-0.00191984","-1.54551089","LOSS","12","2620164886|2620282101","11207629","2021-03-01 07:02:56","TRXUSDT","BUY","BOTH","0.04532000","700.00000000","31.72400000","-0.00005186 BNB","-0.09734629","true","false","60962567","2620164886"
"1","32","LOSS_STREAK","30","TRXUSDT","2021-03-01 07:02:56","2021-03-01 07:02:57","-1.54359105","-0.00191984","-1.54551089","LOSS","12","2620164886|2620282101","11207629","2021-03-01 07:02:56","TRXUSDT","BUY","BOTH","0.04532000","5464.00000000","247.62848000","-0.00040482 BNB","-0.75081808","true","false","60962575","2620164886"
"1","32","LOSS_STREAK","30","TRXUSDT","2021-03-01 07:02:56","2021-03-01 07:02:57","-1.54359105","-0.00191984","-1.54551089","LOSS","12","2620164886|2620282101","11207629","2021-03-01 07:02:56","TRXUSDT","BUY","BOTH","0.04532000","700.00000000","31.72400000","-0.00005186 BNB","-0.09734629","true","false","60962566","2620164886"
"1","32","LOSS_STREAK","30","TRXUSDT","2021-03-01 07:02:56","2021-03-01 07:02:57","-1.54359105","-0.00191984","-1.54551089","LOSS","12","2620164886|2620282101","11207629","2021-03-01 07:02:56","TRXUSDT","BUY","BOTH","0.04532000","700.00000000","31.72400000","-0.00005186 BNB","-0.09734629","true","false","60962570","2620164886"
"1","32","LOSS_STREAK","30","TRXUSDT","2021-03-01 07:02:56","2021-03-01 07:02:57","-1.54359105","-0.00191984","-1.54551089","LOSS","12","2620164886|2620282101","11207629","2021-03-01 07:02:56","TRXUSDT","BUY","BOTH","0.04532000","122.00000000","5.52904000","-0.00000903 BNB","-0.01696606","true","false","60962564","2620164886"
"1","32","LOSS_STREAK","30","TRXUSDT","2021-03-01 07:02:56","2021-03-01 07:02:57","-1.54359105","-0.00191984","-1.54551089","LOSS","12","2620164886|2620282101","11207629","2021-03-01 07:02:56","TRXUSDT","BUY","BOTH","0.04532000","700.00000000","31.72400000","-0.00005186 BNB","-0.09734629","true","false","60962573","2620164886"
"1","32","LOSS_STREAK","30","TRXUSDT","2021-03-01 07:02:56","2021-03-01 07:02:57","-1.54359105","-0.00191984","-1.54551089","LOSS","12","2620164886|2620282101","11207629","2021-03-01 07:02:56","TRXUSDT","BUY","BOTH","0.04532000","175.00000000","7.93100000","-0.00001296 BNB","-0.02433657","true","false","60962565","2620164886"
"1","32","LOSS_STREAK","30","TRXUSDT","2021-03-01 07:02:56","2021-03-01 07:02:57","-1.54359105","-0.00191984","-1.54551089","LOSS","12","2620164886|2620282101","11207629","2021-03-01 07:02:57","TRXUSDT","SELL","BOTH","0.04531000","15140.00000000","685.99340000","-0.00112149 BNB","-0.15140000","false","false","60962582","2620282101"
"1","32","LOSS_STREAK","31","ADAUSDT","2021-03-01 06:03:39","2021-03-01 07:51:38","-4.00585522","-0.00001025","-4.00586547","LOSS","3","10687105649|10689350349","11207629","2021-03-01 06:03:39","ADAUSDT","SELL","BOTH","1.25895000","5.00000000","6.29475000","-0.00001025 BNB","-0.01751522","false","false","116125519","10687105649"
"1","32","LOSS_STREAK","31","ADAUSDT","2021-03-01 06:03:39","2021-03-01 07:51:38","-4.00585522","-0.00001025","-4.00586547","LOSS","3","10687105649|10689350349","11207629","2021-03-01 07:51:38","ADAUSDT","BUY","BOTH","1.26984000","79.00000000","100.31736000","0.00000000 USDT","-0.86189000","true","false","116217454","10689350349"
"1","32","LOSS_STREAK","31","ADAUSDT","2021-03-01 06:03:39","2021-03-01 07:51:38","-4.00585522","-0.00001025","-4.00586547","LOSS","3","10687105649|10689350349","11207629","2021-03-01 07:51:38","ADAUSDT","BUY","BOTH","1.26990000","285.00000000","361.92150000","0.00000000 USDT","-3.12645000","true","false","116217455","10689350349"
"1","32","LOSS_STREAK","32","LTCUSDT","2021-03-01 08:02:27","2021-03-01 08:02:27","-5.44962000","0.00000000","-5.44962000","LOSS","3","10762916257","11207629","2021-03-01 08:02:27","LTCUSDT","BUY","BOTH","166.74000000","0.51800000","86.37132000","0.00000000 USDT","-0.68376000","true","false","140521913","10762916257"
"1","32","LOSS_STREAK","32","LTCUSDT","2021-03-01 08:02:27","2021-03-01 08:02:27","-5.44962000","0.00000000","-5.44962000","LOSS","3","10762916257","11207629","2021-03-01 08:02:27","LTCUSDT","BUY","BOTH","166.74000000","0.27000000","45.01980000","0.00000000 USDT","-0.35640000","true","false","140521914","10762916257"
"1","32","LOSS_STREAK","32","LTCUSDT","2021-03-01 08:02:27","2021-03-01 08:02:27","-5.44962000","0.00000000","-5.44962000","LOSS","3","10762916257","11207629","2021-03-01 08:02:27","LTCUSDT","BUY","BOTH","166.73000000","3.36600000","561.21318000","0.00000000 USDT","-4.40946000","true","false","140521912","10762916257"
"1","32","LOSS_STREAK","33","BTCUSDT","2021-03-01 08:09:52","2021-03-01 08:09:52","-5.34372000","0.00000000","-5.34372000","LOSS","1","15208332198","11207629","2021-03-01 08:09:52","BTCUSDT","BUY","BOTH","46576.11000000","0.01200000","558.91332000","0.00000000 USDT","-5.34372000","true","false","553014671","15208332198"
"1","32","POST_WIN_BOUNDARY","34","ETHUSDT","2021-03-01 06:39:31","2021-03-01 08:22:02","3.48925000","-0.00071070","3.48853930","WIN","2","8389765493424959916|8389765493428486722","11207629","2021-03-01 06:39:31","ETHUSDT","BUY","BOTH","1426.65000000","0.30400000","433.70160000","-0.00071070 BNB","3.50208000","true","false","373821552","8389765493424959916"
"1","32","POST_WIN_BOUNDARY","34","ETHUSDT","2021-03-01 06:39:31","2021-03-01 08:22:02","3.48925000","-0.00071070","3.48853930","WIN","2","8389765493424959916|8389765493428486722","11207629","2021-03-01 08:22:02","ETHUSDT","BUY","BOTH","1451.00000000","0.00100000","1.45100000","0.00000000 USDT","-0.01283000","true","false","373937341","8389765493428486722"
