Time,Type,Amount,Asset,Symbol,Transaction ID
21-04-11 18:27:17,DEPOSIT,0.00270869,BNB,,50652370899
21-04-11 18:27:30,COMMISSION,-0.00001587,BNB,BNBUSD_PERP,9017127858271
21-04-11 18:27:39,COMMISSION,-0.00001589,BNB,BNBUSD_PERP,9017027858322
21-04-11 18:27:39,REALIZED_PNL,-0.00004463,BNB,BNBUSD_PERP,9017027858322
21-04-11 18:27:55,COMMISSION,-0.00001594,BNB,BNBUSD_PERP,9017127859003
21-04-12 00:00:00,FUNDING_FEE,-0.00001332,BNB,BNBUSD_PERP,4337782755510112050
21-04-12 00:22:54,REALIZED_PNL,0.00170504,BNB,BNBUSD_PERP,9017028013829
21-04-12 00:22:54,COMMISSION,-0.00001526,BNB,BNBUSD_PERP,9017028013829
21-04-12 00:23:14,COMMISSION,-0.00003056,BNB,BNBUSD_PERP,9017028013931
21-04-12 03:21:09,REALIZED_PNL,-0.00234055,BNB,BNBUSD_PERP,9017128075146
21-04-12 03:21:09,INSURANCE_CLEAR,-0.00192171,BNB,BNBUSD_PERP,433828898820579328
21-06-04 15:43:30,DEPOSIT,0.00812411,BNB,,64977857928
21-06-04 15:44:34,COMMISSION,-0.00007703,BNB,BNBUSD_PERP,9017168118611
21-06-04 17:40:28,COMMISSION,-0.00002517,BNB,BNBUSD_PERP,9017168160078
21-06-04 17:44:30,REALIZED_PNL,0.00200093,BNB,BNBUSD_PERP,9017068160978
21-06-04 17:44:30,COMMISSION,-0.0001012,BNB,BNBUSD_PERP,9017068160978
21-06-04 17:44:36,COMMISSION,-0.00008857,BNB,BNBUSD_PERP,9017068160992
21-06-04 18:03:23,COMMISSION,-0.00001268,BNB,BNBUSD_PERP,9017068164619
21-06-04 19:52:54,COMMISSION,-0.00001283,BNB,BNBUSD_PERP,9017068185862
21-06-04 23:20:57,COMMISSION,-0.00001285,BNB,BNBUSD_PERP,9017068226735
21-06-05 00:00:00,FUNDING_FEE,-0.00003977,BNB,BNBUSD_PERP,4533472201248280320
21-06-05 00:20:09,COMMISSION,-0.00012585,BNB,BNBUSD_PERP,9017168243423
21-06-05 00:20:09,REALIZED_PNL,-0.00220048,BNB,BNBUSD_PERP,9017168243423
21-06-05 07:48:57,COMMISSION,-0.00007141,BNB,BNBUSD_PERP,9017068353139
21-06-05 11:15:47,COMMISSION,-0.00006234,BNB,BNBUSD_PERP,9017068457925
21-06-05 15:51:54,COMMISSION,-0.00001247,BNB,BNBUSD_PERP,9017068604552
21-06-05 19:57:19,COMMISSION,-0.00006443,BNB,BNBUSD_PERP,9017068657940
21-06-05 19:58:19,COMMISSION,-0.00001291,BNB,BNBUSD_PERP,9017068658279
21-06-05 21:54:00,COMMISSION,-0.00014598,BNB,BNBUSD_PERP,9017068705490
21-06-05 23:05:46,REALIZED_PNL,0.01537483,BNB,BNBUSD_PERP,9017168726624
21-06-05 23:05:46,COMMISSION,-0.00042714,BNB,BNBUSD_PERP,9017168726624
21-06-05 23:18:05,COMMISSION,-0.00004398,BNB,BNBUSD_PERP,9017068730801
21-06-06 01:23:14,REALIZED_PNL,-0.01198513,BNB,BNBUSD_PERP,9017168760454
21-06-06 01:23:14,INSURANCE_CLEAR,-0.00427831,BNB,BNBUSD_PERP,453730557943316480
21-06-06 02:28:28,COMMISSION,-0.00005035,BNB,BNBUSD_PERP,9017068774120
21-06-06 03:25:12,COMMISSION,-0.00001268,BNB,BNBUSD_PERP,9017068786717
21-06-06 12:47:00,COMMISSION,-0.00001283,BNB,BNBUSD_PERP,9017068878558
21-06-06 13:21:41,COMMISSION,-0.00001296,BNB,BNBUSD_PERP,9017068885741
21-06-07 00:14:54,REALIZED_PNL,-0.00126436,BNB,BNBUSD_PERP,9017168998622
21-06-07 00:14:54,INSURANCE_CLEAR,-0.00176405,BNB,BNBUSD_PERP,454075748944412672
21-06-07 08:41:19,COMMISSION,-0.00002533,BNB,BNBUSD_PERP,9017069098040
21-06-07 13:01:53,REALIZED_PNL,-0.00140363,BNB,BNBUSD_PERP,9017169148165
21-06-07 13:01:53,COMMISSION,-0.00002463,BNB,BNBUSD_PERP,9017169148165
21-06-26 09:17:56,DEPOSIT,0.034182,BTC,,67310142974
21-06-26 09:18:20,COMMISSION,-0.00016162,BTC,BTCUSD_PERP,90131183079455
21-06-26 09:18:20,COMMISSION,-0.00016327,BTC,BTCUSD_PERP,90131183079456
21-06-26 09:18:20,COMMISSION,-0.00024738,BTC,BTCUSD_PERP,90131183079458
21-06-26 09:18:20,COMMISSION,-0.00016327,BTC,BTCUSD_PERP,90131183079457
21-06-26 09:18:20,COMMISSION,-0.00014843,BTC,BTCUSD_PERP,90131183079461
21-06-26 09:18:20,COMMISSION,-0.00065969,BTC,BTCUSD_PERP,90131183079460
21-06-26 09:18:20,COMMISSION,-0.00016492,BTC,BTCUSD_PERP,90131183079459
21-06-26 11:04:42,REALIZED_PNL,0.00120214,BTC,BTCUSD_PERP,90130183177136
21-06-26 11:04:42,REALIZED_PNL,0.00327889,BTC,BTCUSD_PERP,90130183177134
21-06-26 11:04:42,COMMISSION,-0.00083237,BTC,BTCUSD_PERP,90130183177133
21-06-26 11:04:42,REALIZED_PNL,0.01584797,BTC,BTCUSD_PERP,90130183177132
21-06-26 11:04:42,COMMISSION,-0.00023121,BTC,BTCUSD_PERP,90130183177132
21-06-26 11:04:42,COMMISSION,-0.00004783,BTC,BTCUSD_PERP,90130183177134
21-06-26 11:04:42,REALIZED_PNL,0.00874371,BTC,BTCUSD_PERP,90130183177135
21-06-26 11:04:42,COMMISSION,-0.00012756,BTC,BTCUSD_PERP,90130183177135
21-06-26 11:04:42,COMMISSION,-0.00001754,BTC,BTCUSD_PERP,90130183177136
21-06-26 11:04:42,REALIZED_PNL,0.05705271,BTC,BTCUSD_PERP,90130183177133
21-06-26 11:04:42,REALIZED_PNL,0.02709037,BTC,BTCUSD_PERP,90130183177137
21-06-26 11:04:42,COMMISSION,-0.00039546,BTC,BTCUSD_PERP,90130183177137
21-06-26 11:04:48,COMMISSION,-0.00003985,BTC,BTCUSD_PERP,90131183177203
21-06-26 11:04:48,COMMISSION,-0.00003985,BTC,BTCUSD_PERP,90131183177202
21-06-26 11:04:48,COMMISSION,-0.00003985,BTC,BTCUSD_PERP,90131183177198
21-06-26 11:04:48,COMMISSION,-0.00003985,BTC,BTCUSD_PERP,90131183177195
21-06-26 11:04:48,COMMISSION,-0.00006376,BTC,BTCUSD_PERP,90131183177191
21-06-26 11:04:48,COMMISSION,-0.00004783,BTC,BTCUSD_PERP,90131183177185
21-06-26 11:04:48,COMMISSION,-0.00020727,BTC,BTCUSD_PERP,90131183177182
21-06-26 11:04:48,COMMISSION,-0.00000797,BTC,BTCUSD_PERP,90131183177179
21-06-26 11:04:48,COMMISSION,-0.00002232,BTC,BTCUSD_PERP,90131183177178
21-06-26 11:04:48,COMMISSION,-0.00031883,BTC,BTCUSD_PERP,90131183177192
21-06-26 11:04:48,COMMISSION,-0.00011797,BTC,BTCUSD_PERP,90131183177190
21-06-26 11:04:48,COMMISSION,-0.00003985,BTC,BTCUSD_PERP,90131183177196
21-06-26 11:04:48,COMMISSION,-0.00003985,BTC,BTCUSD_PERP,90131183177199
21-06-26 11:04:48,COMMISSION,-0.00000159,BTC,BTCUSD_PERP,90131183177201
21-06-26 11:04:48,COMMISSION,-0.00000159,BTC,BTCUSD_PERP,90131183177204
21-06-26 11:04:48,COMMISSION,-0.00031887,BTC,BTCUSD_PERP,90131183177181
21-06-26 11:04:48,COMMISSION,-0.00031886,BTC,BTCUSD_PERP,90131183177186
21-06-26 11:04:48,COMMISSION,-0.00004782,BTC,BTCUSD_PERP,90131183177194
21-06-26 11:04:48,COMMISSION,-0.00029496,BTC,BTCUSD_PERP,90131183177180
21-06-26 11:04:48,COMMISSION,-0.00000159,BTC,BTCUSD_PERP,90131183177183
21-06-26 11:04:48,COMMISSION,-0.0002551,BTC,BTCUSD_PERP,90131183177184
21-06-26 11:04:48,COMMISSION,-0.00013551,BTC,BTCUSD_PERP,90131183177187
21-06-26 11:04:48,COMMISSION,-0.00031885,BTC,BTCUSD_PERP,90131183177188
21-06-26 11:04:48,COMMISSION,-0.00007971,BTC,BTCUSD_PERP,90131183177189
21-06-26 11:04:48,COMMISSION,-0.00001594,BTC,BTCUSD_PERP,90131183177193
21-06-26 11:04:48,COMMISSION,-0.00092457,BTC,BTCUSD_PERP,90131183177206
21-06-26 11:04:48,COMMISSION,-0.00117803,BTC,BTCUSD_PERP,90131183177205
21-06-26 11:04:48,COMMISSION,-0.00003985,BTC,BTCUSD_PERP,90131183177200
21-06-26 11:04:48,COMMISSION,-0.00003985,BTC,BTCUSD_PERP,90131183177197
21-06-26 12:45:32,REALIZED_PNL,0.00209991,BTC,BTCUSD_PERP,90130183255680
21-06-26 12:45:32,COMMISSION,-0.00015782,BTC,BTCUSD_PERP,90130183255678
21-06-26 12:45:32,COMMISSION,-0.00421245,BTC,BTCUSD_PERP,90130183255677
21-06-26 12:45:32,COMMISSION,-0.00010416,BTC,BTCUSD_PERP,90130183255680
21-06-26 12:45:32,REALIZED_PNL,0.00318368,BTC,BTCUSD_PERP,90130183255678
21-06-26 12:45:32,REALIZED_PNL,0.00318467,BTC,BTCUSD_PERP,90130183255676
21-06-26 12:45:32,COMMISSION,-0.00015782,BTC,BTCUSD_PERP,90130183255675
21-06-26 12:45:32,REALIZED_PNL,0.00318467,BTC,BTCUSD_PERP,90130183255675
21-06-26 12:45:32,COMMISSION,-0.00015782,BTC,BTCUSD_PERP,90130183255676
21-06-26 12:45:32,COMMISSION,-0.00015782,BTC,BTCUSD_PERP,90130183255679
21-06-26 12:45:32,REALIZED_PNL,0.00318268,BTC,BTCUSD_PERP,90130183255679
21-06-26 12:45:32,REALIZED_PNL,0.08499903,BTC,BTCUSD_PERP,90130183255677
21-06-26 12:46:26,COMMISSION,-0.00000157,BTC,BTCUSD_PERP,90130183256271
21-06-26 12:46:26,COMMISSION,-0.00004733,BTC,BTCUSD_PERP,90130183256263
21-06-26 12:46:26,COMMISSION,-0.00000315,BTC,BTCUSD_PERP,90130183256303
21-06-26 12:46:26,COMMISSION,-0.00029044,BTC,BTCUSD_PERP,90130183256306
21-06-26 12:46:26,COMMISSION,-0.00000157,BTC,BTCUSD_PERP,90130183256301
21-06-26 12:46:26,COMMISSION,-0.00001578,BTC,BTCUSD_PERP,90130183256294
21-06-26 12:46:26,COMMISSION,-0.00000631,BTC,BTCUSD_PERP,90130183256292
21-06-26 12:46:26,COMMISSION,-0.00020042,BTC,BTCUSD_PERP,90130183256288
21-06-26 12:46:26,COMMISSION,-0.00000157,BTC,BTCUSD_PERP,90130183256285
21-06-26 12:46:26,COMMISSION,-0.00000157,BTC,BTCUSD_PERP,90130183256284
21-06-26 12:46:26,COMMISSION,-0.00003156,BTC,BTCUSD_PERP,90130183256280
21-06-26 12:46:26,COMMISSION,-0.00031558,BTC,BTCUSD_PERP,90130183256279
21-06-26 12:46:26,COMMISSION,-0.00000157,BTC,BTCUSD_PERP,90130183256274
21-06-26 12:46:26,COMMISSION,-0.00012623,BTC,BTCUSD_PERP,90130183256273
21-06-26 12:46:26,COMMISSION,-0.00000157,BTC,BTCUSD_PERP,90130183256268
21-06-26 12:46:26,COMMISSION,-0.00012622,BTC,BTCUSD_PERP,90130183256267
21-06-26 12:46:26,COMMISSION,-0.00004733,BTC,BTCUSD_PERP,90130183256266
21-06-26 12:46:26,COMMISSION,-0.00000157,BTC,BTCUSD_PERP,90130183256269
21-06-26 12:46:26,COMMISSION,-0.00000157,BTC,BTCUSD_PERP,90130183256270
21-06-26 12:46:26,COMMISSION,-0.00009625,BTC,BTCUSD_PERP,90130183256272
21-06-26 12:46:26,COMMISSION,-0.00004733,BTC,BTCUSD_PERP,90130183256277
21-06-26 12:46:26,COMMISSION,-0.00023353,BTC,BTCUSD_PERP,90130183256278
21-06-26 12:46:26,COMMISSION,-0.00012628,BTC,BTCUSD_PERP,90130183256305
21-06-26 12:46:26,COMMISSION,-0.00000789,BTC,BTCUSD_PERP,90130183256282
21-06-26 12:46:26,COMMISSION,-0.00006468,BTC,BTCUSD_PERP,90130183256262
21-06-26 12:46:26,COMMISSION,-0.00015782,BTC,BTCUSD_PERP,90130183256290
21-06-26 12:46:26,COMMISSION,-0.00006944,BTC,BTCUSD_PERP,90130183256293
21-06-26 12:46:26,COMMISSION,-0.00092649,BTC,BTCUSD_PERP,90130183256298
21-06-26 12:46:26,COMMISSION,-0.00015783,BTC,BTCUSD_PERP,90130183256299
21-06-26 12:46:26,COMMISSION,-0.00014048,BTC,BTCUSD_PERP,90130183256302
21-06-26 12:46:26,COMMISSION,-0.00000315,BTC,BTCUSD_PERP,90130183256304
21-06-26 12:46:26,COMMISSION,-0.00001578,BTC,BTCUSD_PERP,90130183256281
21-06-26 12:46:26,COMMISSION,-0.00012626,BTC,BTCUSD_PERP,90130183256295
21-06-26 12:46:26,COMMISSION,-0.00082546,BTC,BTCUSD_PERP,90130183256296
21-06-26 12:46:26,COMMISSION,-0.00000157,BTC,BTCUSD_PERP,90130183256265
21-06-26 12:46:26,COMMISSION,-0.00000157,BTC,BTCUSD_PERP,90130183256276
21-06-26 12:46:26,COMMISSION,-0.00000157,BTC,BTCUSD_PERP,90130183256283
21-06-26 12:46:26,COMMISSION,-0.00031561,BTC,BTCUSD_PERP,90130183256286
21-06-26 12:46:26,COMMISSION,-0.00000157,BTC,BTCUSD_PERP,90130183256264
21-06-26 12:46:26,COMMISSION,-0.00031562,BTC,BTCUSD_PERP,90130183256289
21-06-26 12:46:26,COMMISSION,-0.00006312,BTC,BTCUSD_PERP,90130183256291
21-06-26 12:46:26,COMMISSION,-0.00000157,BTC,BTCUSD_PERP,90130183256297
21-06-26 12:46:26,COMMISSION,-0.00040091,BTC,BTCUSD_PERP,90130183256300
21-06-26 12:46:26,COMMISSION,-0.00000157,BTC,BTCUSD_PERP,90130183256275
21-06-26 12:46:26,COMMISSION,-0.00012624,BTC,BTCUSD_PERP,90130183256287
21-06-26 14:49:45,REALIZED_PNL,0.00207586,BTC,BTCUSD_PERP,90131183372163
21-06-26 14:49:45,REALIZED_PNL,0.00005805,BTC,BTCUSD_PERP,90131183372187
21-06-26 14:49:45,REALIZED_PNL,0.00005931,BTC,BTCUSD_PERP,90131183372159
21-06-26 14:49:45,COMMISSION,-0.00009486,BTC,BTCUSD_PERP,90131183372155
21-06-26 14:49:45,REALIZED_PNL,0.00349931,BTC,BTCUSD_PERP,90131183372155
21-06-26 14:49:45,REALIZED_PNL,0.00005931,BTC,BTCUSD_PERP,90131183372154
21-06-26 14:49:45,REALIZED_PNL,0.00005931,BTC,BTCUSD_PERP,90131183372152
21-06-26 14:49:45,REALIZED_PNL,0.00201655,BTC,BTCUSD_PERP,90131183372151
21-06-26 14:49:45,REALIZED_PNL,0.00585247,BTC,BTCUSD_PERP,90131183372178
21-06-26 14:49:45,REALIZED_PNL,0.01186209,BTC,BTCUSD_PERP,90131183372149
21-06-26 14:49:45,COMMISSION,-0.00005627,BTC,BTCUSD_PERP,90131183372163
21-06-26 14:49:45,COMMISSION,-0.00070585,BTC,BTCUSD_PERP,90131183372148
21-06-26 14:49:45,REALIZED_PNL,0.0011862,BTC,BTCUSD_PERP,90131183372164
21-06-26 14:49:45,REALIZED_PNL,0.0011862,BTC,BTCUSD_PERP,90131183372165
21-06-26 14:49:45,REALIZED_PNL,0.00237241,BTC,BTCUSD_PERP,90131183372166
21-06-26 14:49:45,COMMISSION,-0.00000964,BTC,BTCUSD_PERP,90131183372169
21-06-26 14:49:45,REALIZED_PNL,0.0011862,BTC,BTCUSD_PERP,90131183372170
21-06-26 14:49:45,REALIZED_PNL,0.00278564,BTC,BTCUSD_PERP,90131183372172
21-06-26 14:49:45,REALIZED_PNL,0.00147759,BTC,BTCUSD_PERP,90131183372173
21-06-26 14:49:45,COMMISSION,-0.0004984,BTC,BTCUSD_PERP,90131183372175
21-06-26 14:49:45,COMMISSION,-0.000643,BTC,BTCUSD_PERP,90131183372177
21-06-26 14:49:45,COMMISSION,-0.0000016,BTC,BTCUSD_PERP,90131183372188
21-06-26 14:49:45,REALIZED_PNL,0.00100827,BTC,BTCUSD_PERP,90131183372160
21-06-26 14:49:45,REALIZED_PNL,0.00017489,BTC,BTCUSD_PERP,90131183372185
21-06-26 14:49:45,REALIZED_PNL,0.00005835,BTC,BTCUSD_PERP,90131183372182
21-06-26 14:49:45,REALIZED_PNL,0.00005842,BTC,BTCUSD_PERP,90131183372181
21-06-26 14:49:45,REALIZED_PNL,0.00058493,BTC,BTCUSD_PERP,90131183372180
21-06-26 14:49:45,REALIZED_PNL,0.00140459,BTC,BTCUSD_PERP,90131183372179
21-06-26 14:49:45,COMMISSION,-0.00049844,BTC,BTCUSD_PERP,90131183372150
21-06-26 14:49:45,COMMISSION,-0.00007556,BTC,BTCUSD_PERP,90131183372171
21-06-26 14:49:45,COMMISSION,-0.00096472,BTC,BTCUSD_PERP,90131183372158
21-06-26 14:49:45,REALIZED_PNL,0.01831572,BTC,BTCUSD_PERP,90131183372175
21-06-26 14:49:45,COMMISSION,-0.00004019,BTC,BTCUSD_PERP,90131183372173
21-06-26 14:49:45,REALIZED_PNL,0.02343057,BTC,BTCUSD_PERP,90131183372177
21-06-26 14:49:45,COMMISSION,-0.00016074,BTC,BTCUSD_PERP,90131183372178
21-06-26 14:49:45,COMMISSION,-0.00001607,BTC,BTCUSD_PERP,90131183372180
21-06-26 14:49:45,COMMISSION,-0.00004501,BTC,BTCUSD_PERP,90131183372176
21-06-26 14:49:45,COMMISSION,-0.00032148,BTC,BTCUSD_PERP,90131183372183
21-06-26 14:49:45,COMMISSION,-0.0000016,BTC,BTCUSD_PERP,90131183372187
21-06-26 14:49:45,REALIZED_PNL,0.00156733,BTC,BTCUSD_PERP,90131183372189
21-06-26 14:49:45,REALIZED_PNL,0.00474483,BTC,BTCUSD_PERP,90131183372168
21-06-26 14:49:45,COMMISSION,-0.0000016,BTC,BTCUSD_PERP,90131183372167
21-06-26 14:49:45,REALIZED_PNL,0.00005931,BTC,BTCUSD_PERP,90131183372167
21-06-26 14:49:45,COMMISSION,-0.00003215,BTC,BTCUSD_PERP,90131183372164
21-06-26 14:49:45,COMMISSION,-0.00000643,BTC,BTCUSD_PERP,90131183372162
21-06-26 14:49:45,REALIZED_PNL,0.00023724,BTC,BTCUSD_PERP,90131183372162
21-06-26 14:49:45,REALIZED_PNL,0.00593104,BTC,BTCUSD_PERP,90131183372161
21-06-26 14:49:45,COMMISSION,-0.0000016,BTC,BTCUSD_PERP,90131183372159
21-06-26 14:49:45,REALIZED_PNL,0.00035586,BTC,BTCUSD_PERP,90131183372169
21-06-26 14:49:45,COMMISSION,-0.00003215,BTC,BTCUSD_PERP,90131183372156
21-06-26 14:49:45,COMMISSION,-0.0000016,BTC,BTCUSD_PERP,90131183372154
21-06-26 14:49:45,REALIZED_PNL,0.00148276,BTC,BTCUSD_PERP,90131183372153
21-06-26 14:49:45,COMMISSION,-0.00005466,BTC,BTCUSD_PERP,90131183372151
21-06-26 14:49:45,REALIZED_PNL,0.01167187,BTC,BTCUSD_PERP,90131183372183
21-06-26 14:49:45,COMMISSION,-0.00016078,BTC,BTCUSD_PERP,90131183372161
21-06-26 14:49:45,COMMISSION,-0.00004019,BTC,BTCUSD_PERP,90131183372153
21-06-26 14:49:45,COMMISSION,-0.00007556,BTC,BTCUSD_PERP,90131183372172
21-06-26 14:49:45,REALIZED_PNL,0.00278564,BTC,BTCUSD_PERP,90131183372171
21-06-26 14:49:45,COMMISSION,-0.00003215,BTC,BTCUSD_PERP,90131183372170
21-06-26 14:49:45,COMMISSION,-0.00012863,BTC,BTCUSD_PERP,90131183372168
21-06-26 14:49:45,COMMISSION,-0.00006431,BTC,BTCUSD_PERP,90131183372166
21-06-26 14:49:45,COMMISSION,-0.00004019,BTC,BTCUSD_PERP,90131183372174
21-06-26 14:49:45,COMMISSION,-0.00003215,BTC,BTCUSD_PERP,90131183372165
21-06-26 14:49:45,COMMISSION,-0.00003857,BTC,BTCUSD_PERP,90131183372179
21-06-26 14:49:45,COMMISSION,-0.0000016,BTC,BTCUSD_PERP,90131183372181
21-06-26 14:49:45,COMMISSION,-0.0000016,BTC,BTCUSD_PERP,90131183372182
21-06-26 14:49:45,REALIZED_PNL,0.00005833,BTC,BTCUSD_PERP,90131183372184
21-06-26 14:49:45,COMMISSION,-0.0000016,BTC,BTCUSD_PERP,90131183372184
21-06-26 14:49:45,COMMISSION,-0.00000482,BTC,BTCUSD_PERP,90131183372185
21-06-26 14:49:45,REALIZED_PNL,0.00876857,BTC,BTCUSD_PERP,90131183372186
21-06-26 14:49:45,COMMISSION,-0.00024269,BTC,BTCUSD_PERP,90131183372186
21-06-26 14:49:45,REALIZED_PNL,0.00005805,BTC,BTCUSD_PERP,90131183372188
21-06-26 14:49:45,COMMISSION,-0.00004339,BTC,BTCUSD_PERP,90131183372189
21-06-26 14:49:45,REALIZED_PNL,0.03558629,BTC,BTCUSD_PERP,90131183372158
21-06-26 14:49:45,COMMISSION,-0.00003215,BTC,BTCUSD_PERP,90131183372157
21-06-26 14:49:45,REALIZED_PNL,0.0011862,BTC,BTCUSD_PERP,90131183372157
21-06-26 14:49:45,REALIZED_PNL,0.0011862,BTC,BTCUSD_PERP,90131183372156
21-06-26 14:49:45,COMMISSION,-0.00002733,BTC,BTCUSD_PERP,90131183372160
21-06-26 14:49:45,COMMISSION,-0.0000016,BTC,BTCUSD_PERP,90131183372152
21-06-26 14:49:45,REALIZED_PNL,0.01838625,BTC,BTCUSD_PERP,90131183372150
21-06-26 14:49:45,REALIZED_PNL,0.00147759,BTC,BTCUSD_PERP,90131183372174
21-06-26 14:49:45,COMMISSION,-0.00032157,BTC,BTCUSD_PERP,90131183372149
21-06-26 14:49:45,REALIZED_PNL,0.0260373,BTC,BTCUSD_PERP,90131183372148
21-06-26 14:49:45,REALIZED_PNL,0.00164129,BTC,BTCUSD_PERP,90131183372176
21-06-26 14:50:12,COMMISSION,-0.0000016,BTC,BTCUSD_PERP,90130183375323
21-06-26 14:50:12,COMMISSION,-0.00105163,BTC,BTCUSD_PERP,90130183375325
21-06-26 14:50:12,COMMISSION,-0.0000016,BTC,BTCUSD_PERP,90130183375326
21-06-26 14:50:12,COMMISSION,-0.0000016,BTC,BTCUSD_PERP,90130183375328
21-06-26 14:50:12,COMMISSION,-0.0000032,BTC,BTCUSD_PERP,90130183375329
21-06-26 14:50:12,COMMISSION,-0.00001924,BTC,BTCUSD_PERP,90130183375339
21-06-26 14:50:12,COMMISSION,-0.00001603,BTC,BTCUSD_PERP,90130183375342
21-06-26 14:50:12,COMMISSION,-0.00083428,BTC,BTCUSD_PERP,90130183375364
21-06-26 14:50:12,COMMISSION,-0.00048128,BTC,BTCUSD_PERP,90130183375360
21-06-26 14:50:12,COMMISSION,-0.00024217,BTC,BTCUSD_PERP,90130183375343
21-06-26 14:50:12,COMMISSION,-0.00012832,BTC,BTCUSD_PERP,90130183375354
21-06-26 14:50:12,COMMISSION,-0.0000401,BTC,BTCUSD_PERP,90130183375353
21-06-26 14:50:12,COMMISSION,-0.00003207,BTC,BTCUSD_PERP,90130183375349
21-06-26 14:50:12,COMMISSION,-0.00001603,BTC,BTCUSD_PERP,90130183375348
21-06-26 14:50:12,COMMISSION,-0.00024217,BTC,BTCUSD_PERP,90130183375344
21-06-26 14:50:12,COMMISSION,-0.00370307,BTC,BTCUSD_PERP,90130183375366
21-06-26 14:50:12,COMMISSION,-0.00003206,BTC,BTCUSD_PERP,90130183375324
21-06-26 14:50:12,COMMISSION,-0.00032062,BTC,BTCUSD_PERP,90130183375327
21-06-26 14:50:12,COMMISSION,-0.0000481,BTC,BTCUSD_PERP,90130183375332
21-06-26 14:50:12,COMMISSION,-0.0000016,BTC,BTCUSD_PERP,90130183375334
21-06-26 14:50:12,COMMISSION,-0.00016035,BTC,BTCUSD_PERP,90130183375335
21-06-26 14:50:12,COMMISSION,-0.00001924,BTC,BTCUSD_PERP,90130183375338
21-06-26 14:50:12,COMMISSION,-0.00001924,BTC,BTCUSD_PERP,90130183375345
21-06-26 14:50:12,COMMISSION,-0.00032077,BTC,BTCUSD_PERP,90130183375347
21-06-26 14:50:12,COMMISSION,-0.00007538,BTC,BTCUSD_PERP,90130183375350
21-06-26 14:50:12,COMMISSION,-0.00003208,BTC,BTCUSD_PERP,90130183375359
21-06-26 14:50:12,COMMISSION,-0.0000016,BTC,BTCUSD_PERP,90130183375362
21-06-26 14:50:12,COMMISSION,-0.00020054,BTC,BTCUSD_PERP,90130183375363
21-06-26 14:50:12,COMMISSION,-0.0000016,BTC,BTCUSD_PERP,90130183375355
21-06-26 14:50:12,COMMISSION,-0.0000032,BTC,BTCUSD_PERP,90130183375356
21-06-26 14:50:12,COMMISSION,-0.00051013,BTC,BTCUSD_PERP,90130183375357
21-06-26 14:50:12,COMMISSION,-0.00007539,BTC,BTCUSD_PERP,90130183375358
21-06-26 14:50:12,COMMISSION,-0.0000032,BTC,BTCUSD_PERP,90130183375361
21-06-26 14:50:12,COMMISSION,-0.00032089,BTC,BTCUSD_PERP,90130183375365
21-06-26 14:50:12,COMMISSION,-0.00023899,BTC,BTCUSD_PERP,90130183375352
21-06-26 14:50:12,COMMISSION,-0.00002085,BTC,BTCUSD_PERP,90130183375351
21-06-26 14:50:12,COMMISSION,-0.0000016,BTC,BTCUSD_PERP,90130183375341
21-06-26 14:50:12,COMMISSION,-0.0000016,BTC,BTCUSD_PERP,90130183375340
21-06-26 14:50:12,COMMISSION,-0.00016036,BTC,BTCUSD_PERP,90130183375337
21-06-26 14:50:12,COMMISSION,-0.0000032,BTC,BTCUSD_PERP,90130183375336
21-06-26 14:50:12,COMMISSION,-0.0003207,BTC,BTCUSD_PERP,90130183375333
21-06-26 14:50:12,COMMISSION,-0.0000962,BTC,BTCUSD_PERP,90130183375331
21-06-26 14:50:12,COMMISSION,-0.0000016,BTC,BTCUSD_PERP,90130183375330
21-06-26 14:50:12,COMMISSION,-0.0000016,BTC,BTCUSD_PERP,90130183375346
21-06-26 15:54:43,COMMISSION,-0.00012676,BTC,BTCUSD_PERP,90131183429720
21-06-26 15:54:43,COMMISSION,-0.00000792,BTC,BTCUSD_PERP,90131183429718
21-06-26 15:54:43,COMMISSION,-0.0014166,BTC,BTCUSD_PERP,90131183429722
21-06-26 15:54:43,REALIZED_PNL,-0.02618995,BTC,BTCUSD_PERP,90131183429725
21-06-26 15:54:43,COMMISSION,-0.00106323,BTC,BTCUSD_PERP,90131183429725
21-06-26 15:54:43,REALIZED_PNL,-0.00019435,BTC,BTCUSD_PERP,90131183429718
21-06-26 15:54:43,COMMISSION,-0.00206009,BTC,BTCUSD_PERP,90131183429715
21-06-26 15:54:43,REALIZED_PNL,-0.02425749,BTC,BTCUSD_PERP,90131183429714
21-06-26 15:54:43,COMMISSION,-0.0009746,BTC,BTCUSD_PERP,90131183429713
21-06-26 15:54:43,REALIZED_PNL,-0.02380653,BTC,BTCUSD_PERP,90131183429713
21-06-26 15:54:43,REALIZED_PNL,-0.00154758,BTC,BTCUSD_PERP,90131183429712
21-06-26 15:54:43,COMMISSION,-0.00015847,BTC,BTCUSD_PERP,90131183429711
21-06-26 15:54:43,COMMISSION,-0.00019175,BTC,BTCUSD_PERP,90131183429707
21-06-26 15:54:43,REALIZED_PNL,-0.01274108,BTC,BTCUSD_PERP,90131183429708
21-06-26 15:54:43,COMMISSION,-0.00052297,BTC,BTCUSD_PERP,90131183429708
21-06-26 15:54:43,REALIZED_PNL,-0.00173832,BTC,BTCUSD_PERP,90131183429709
21-06-26 15:54:43,REALIZED_PNL,-0.00386796,BTC,BTCUSD_PERP,90131183429711
21-06-26 15:54:43,REALIZED_PNL,-0.00154678,BTC,BTCUSD_PERP,90131183429710
21-06-26 15:54:43,REALIZED_PNL,-0.00039021,BTC,BTCUSD_PERP,90131183429724
21-06-26 15:54:43,COMMISSION,-0.00004436,BTC,BTCUSD_PERP,90131183429723
21-06-26 15:54:43,REALIZED_PNL,-0.00109231,BTC,BTCUSD_PERP,90131183429723
21-06-26 15:54:43,COMMISSION,-0.0007923,BTC,BTCUSD_PERP,90131183429721
21-06-26 15:54:43,REALIZED_PNL,-0.01946037,BTC,BTCUSD_PERP,90131183429721
21-06-26 15:54:43,REALIZED_PNL,-0.00311366,BTC,BTCUSD_PERP,90131183429720
21-06-26 15:54:43,COMMISSION,-0.00014895,BTC,BTCUSD_PERP,90131183429719
21-06-26 15:54:43,REALIZED_PNL,-0.00365855,BTC,BTCUSD_PERP,90131183429719
21-06-26 15:54:43,COMMISSION,-0.00081609,BTC,BTCUSD_PERP,90131183429717
21-06-26 15:54:43,REALIZED_PNL,-0.01999763,BTC,BTCUSD_PERP,90131183429717
21-06-26 15:54:43,COMMISSION,-0.00015846,BTC,BTCUSD_PERP,90131183429716
21-06-26 15:54:43,COMMISSION,-0.00007131,BTC,BTCUSD_PERP,90131183429709
21-06-26 15:54:43,COMMISSION,-0.00006338,BTC,BTCUSD_PERP,90131183429712
21-06-26 15:54:43,REALIZED_PNL,-0.05038805,BTC,BTCUSD_PERP,90131183429715
21-06-26 15:54:43,COMMISSION,-0.00001584,BTC,BTCUSD_PERP,90131183429724
21-06-26 15:54:43,REALIZED_PNL,-0.00467051,BTC,BTCUSD_PERP,90131183429707
21-06-26 15:54:43,COMMISSION,-0.00006338,BTC,BTCUSD_PERP,90131183429710
21-06-26 15:54:43,COMMISSION,-0.00099201,BTC,BTCUSD_PERP,90131183429714
21-06-26 15:54:43,REALIZED_PNL,-0.00388203,BTC,BTCUSD_PERP,90131183429716
21-06-26 15:54:43,REALIZED_PNL,-0.03486698,BTC,BTCUSD_PERP,90131183429722
21-06-26 15:55:34,COMMISSION,-0.00095496,BTC,BTCUSD_PERP,90130183431464
21-06-26 15:55:34,COMMISSION,-0.00013325,BTC,BTCUSD_PERP,90130183431460
21-06-26 15:55:34,COMMISSION,-0.00093909,BTC,BTCUSD_PERP,90130183431463
21-06-26 15:55:34,COMMISSION,-0.00044575,BTC,BTCUSD_PERP,90130183431461
21-06-26 15:55:34,COMMISSION,-0.00158472,BTC,BTCUSD_PERP,90130183431462
21-06-26 16:00:00,FUNDING_FEE,-0.00088653,BTC,BTCUSD_PERP,4611989570324727100
21-06-26 21:52:59,REALIZED_PNL,0.00201679,BTC,BTCUSD_PERP,90131183611237
21-06-26 21:52:59,COMMISSION,-0.00015963,BTC,BTCUSD_PERP,90131183611237
21-06-26 21:52:59,REALIZED_PNL,0.00008067,BTC,BTCUSD_PERP,90131183611239
21-06-26 21:52:59,COMMISSION,-0.00000638,BTC,BTCUSD_PERP,90131183611239
21-06-26 21:52:59,REALIZED_PNL,0.000121,BTC,BTCUSD_PERP,90131183611240
21-06-26 21:52:59,COMMISSION,-0.00000957,BTC,BTCUSD_PERP,90131183611240
21-06-26 21:52:59,REALIZED_PNL,0.00322687,BTC,BTCUSD_PERP,90131183611241
21-06-26 21:52:59,COMMISSION,-0.00025542,BTC,BTCUSD_PERP,90131183611241
21-06-26 21:52:59,REALIZED_PNL,0.00504198,BTC,BTCUSD_PERP,90131183611243
21-06-26 21:52:59,COMMISSION,-0.00039909,BTC,BTCUSD_PERP,90131183611243
21-06-26 21:52:59,COMMISSION,-0.00000319,BTC,BTCUSD_PERP,90131183611245
21-06-26 21:52:59,REALIZED_PNL,0.00201679,BTC,BTCUSD_PERP,90131183611238
21-06-26 21:52:59,COMMISSION,-0.00015963,BTC,BTCUSD_PERP,90131183611242
21-06-26 21:52:59,REALIZED_PNL,0.00504198,BTC,BTCUSD_PERP,90131183611244
21-06-26 21:52:59,COMMISSION,-0.00039909,BTC,BTCUSD_PERP,90131183611244
21-06-26 21:52:59,COMMISSION,-0.00244887,BTC,BTCUSD_PERP,90131183611247
21-06-26 21:52:59,REALIZED_PNL,0.00086722,BTC,BTCUSD_PERP,90131183611236
21-06-26 21:52:59,COMMISSION,-0.00001277,BTC,BTCUSD_PERP,90131183611248
21-06-26 21:52:59,COMMISSION,-0.00006864,BTC,BTCUSD_PERP,90131183611236
21-06-26 21:52:59,COMMISSION,-0.00015963,BTC,BTCUSD_PERP,90131183611238
21-06-26 21:52:59,REALIZED_PNL,0.00201679,BTC,BTCUSD_PERP,90131183611242
21-06-26 21:52:59,REALIZED_PNL,0.00004033,BTC,BTCUSD_PERP,90131183611245
21-06-26 21:52:59,REALIZED_PNL,0.00002016,BTC,BTCUSD_PERP,90131183611246
21-06-26 21:52:59,COMMISSION,-0.00000159,BTC,BTCUSD_PERP,90131183611246
21-06-26 21:52:59,REALIZED_PNL,0.03093764,BTC,BTCUSD_PERP,90131183611247
21-06-26 21:52:59,REALIZED_PNL,0.00016134,BTC,BTCUSD_PERP,90131183611248
21-06-26 21:53:16,COMMISSION,-0.00103712,BTC,BTCUSD_PERP,90130183611328
21-06-26 21:53:16,COMMISSION,-0.0001598,BTC,BTCUSD_PERP,90130183611334
21-06-26 21:53:16,COMMISSION,-0.00002716,BTC,BTCUSD_PERP,90130183611337
21-06-26 21:53:16,COMMISSION,-0.00038352,BTC,BTCUSD_PERP,90130183611339
21-06-26 21:53:16,COMMISSION,-0.0001598,BTC,BTCUSD_PERP,90130183611329
21-06-26 21:53:16,COMMISSION,-0.0003995,BTC,BTCUSD_PERP,90130183611330
21-06-26 21:53:16,COMMISSION,-0.00002237,BTC,BTCUSD_PERP,90130183611331
21-06-26 21:53:16,COMMISSION,-0.00006551,BTC,BTCUSD_PERP,90130183611333
21-06-26 21:53:16,COMMISSION,-0.00103232,BTC,BTCUSD_PERP,90130183611335
21-06-26 21:53:16,COMMISSION,-0.0001598,BTC,BTCUSD_PERP,90130183611338
21-06-26 21:53:16,COMMISSION,-0.00012784,BTC,BTCUSD_PERP,90130183611325
21-06-26 21:53:16,COMMISSION,-0.00000479,BTC,BTCUSD_PERP,90130183611326
21-06-26 21:53:16,COMMISSION,-0.0003196,BTC,BTCUSD_PERP,90130183611327
21-06-26 21:53:16,COMMISSION,-0.0003995,BTC,BTCUSD_PERP,90130183611332
21-06-26 21:53:16,COMMISSION,-0.00026527,BTC,BTCUSD_PERP,90130183611336
21-06-26 21:53:16,COMMISSION,-0.00003995,BTC,BTCUSD_PERP,90130183611340
21-06-26 21:53:16,COMMISSION,-0.00020135,BTC,BTCUSD_PERP,90130183611341
21-06-26 21:53:16,COMMISSION,-0.00019336,BTC,BTCUSD_PERP,90130183611342
21-06-26 22:57:56,COMMISSION,-0.00012587,BTC,BTCUSD_PERP,90131183637771
21-06-26 22:57:56,COMMISSION,-0.00015732,BTC,BTCUSD_PERP,90131183637786
21-06-26 22:57:56,COMMISSION,-0.00039338,BTC,BTCUSD_PERP,90131183637764
21-06-26 22:57:56,REALIZED_PNL,-0.04671551,BTC,BTCUSD_PERP,90131183637765
21-06-26 22:57:56,COMMISSION,-0.00031313,BTC,BTCUSD_PERP,90131183637767
21-06-26 22:57:56,REALIZED_PNL,-0.00314548,BTC,BTCUSD_PERP,90131183637770
21-06-26 22:57:56,COMMISSION,-0.0001007,BTC,BTCUSD_PERP,90131183637770
21-06-26 22:57:56,REALIZED_PNL,-0.00492075,BTC,BTCUSD_PERP,90131183637772
21-06-26 22:57:56,COMMISSION,-0.00015734,BTC,BTCUSD_PERP,90131183637772
21-06-26 22:57:56,REALIZED_PNL,-0.00490194,BTC,BTCUSD_PERP,90131183637763
21-06-26 22:57:56,COMMISSION,-0.00000157,BTC,BTCUSD_PERP,90131183637774
21-06-26 22:57:56,REALIZED_PNL,-0.00004933,BTC,BTCUSD_PERP,90131183637775
21-06-26 22:57:56,REALIZED_PNL,-0.0071087,BTC,BTCUSD_PERP,90131183637777
21-06-26 22:57:56,COMMISSION,-0.00000471,BTC,BTCUSD_PERP,90131183637778
21-06-26 22:57:56,REALIZED_PNL,-0.00222726,BTC,BTCUSD_PERP,90131183637780
21-06-26 22:57:56,REALIZED_PNL,-0.00198097,BTC,BTCUSD_PERP,90131183637781
21-06-26 22:57:56,COMMISSION,-0.00000786,BTC,BTCUSD_PERP,90131183637784
21-06-26 22:57:56,REALIZED_PNL,-0.00496135,BTC,BTCUSD_PERP,90131183637786
21-06-26 22:57:56,REALIZED_PNL,-0.01225485,BTC,BTCUSD_PERP,90131183637764
21-06-26 22:57:56,REALIZED_PNL,-0.00432585,BTC,BTCUSD_PERP,90131183637790
21-06-26 22:57:56,COMMISSION,-0.00028002,BTC,BTCUSD_PERP,90131183637789
21-06-26 22:57:56,REALIZED_PNL,-0.00885059,BTC,BTCUSD_PERP,90131183637789
21-06-26 22:57:56,COMMISSION,-0.00004404,BTC,BTCUSD_PERP,90131183637788
21-06-26 22:57:56,COMMISSION,-0.00012585,BTC,BTCUSD_PERP,90131183637787
21-06-26 22:57:56,REALIZED_PNL,-0.00393264,BTC,BTCUSD_PERP,90131183637771
21-06-26 22:57:56,REALIZED_PNL,-0.00397383,BTC,BTCUSD_PERP,90131183637787
21-06-26 22:57:56,REALIZED_PNL,-0.0001483,BTC,BTCUSD_PERP,90131183637778
21-06-26 22:57:56,COMMISSION,-0.00022656,BTC,BTCUSD_PERP,90131183637777
21-06-26 22:57:56,COMMISSION,-0.00000157,BTC,BTCUSD_PERP,90131183637776
21-06-26 22:57:56,REALIZED_PNL,-0.00004923,BTC,BTCUSD_PERP,90131183637774
21-06-26 22:57:56,COMMISSION,-0.00015734,BTC,BTCUSD_PERP,90131183637773
21-06-26 22:57:56,REALIZED_PNL,-0.00492274,BTC,BTCUSD_PERP,90131183637773
21-06-26 22:57:56,COMMISSION,-0.00006293,BTC,BTCUSD_PERP,90131183637781
21-06-26 22:57:56,REALIZED_PNL,-0.00004909,BTC,BTCUSD_PERP,90131183637769
21-06-26 22:57:56,COMMISSION,-0.00000314,BTC,BTCUSD_PERP,90131183637768
21-06-26 22:57:56,REALIZED_PNL,-0.00975486,BTC,BTCUSD_PERP,90131183637767
21-06-26 22:57:56,COMMISSION,-0.00039338,BTC,BTCUSD_PERP,90131183637766
21-06-26 22:57:56,COMMISSION,-0.00015735,BTC,BTCUSD_PERP,90131183637763
21-06-26 22:57:56,COMMISSION,-0.00000629,BTC,BTCUSD_PERP,90131183637762
21-06-26 22:57:56,REALIZED_PNL,-0.00019607,BTC,BTCUSD_PERP,90131183637762
21-06-26 22:57:56,REALIZED_PNL,-0.00029411,BTC,BTCUSD_PERP,90131183637761
21-06-26 22:57:56,REALIZED_PNL,-0.00004953,BTC,BTCUSD_PERP,90131183637782
21-06-26 22:57:56,COMMISSION,-0.00000157,BTC,BTCUSD_PERP,90131183637783
21-06-26 22:57:56,COMMISSION,-0.00007079,BTC,BTCUSD_PERP,90131183637780
21-06-26 22:57:56,REALIZED_PNL,-0.01225485,BTC,BTCUSD_PERP,90131183637766
21-06-26 22:57:56,COMMISSION,-0.00000157,BTC,BTCUSD_PERP,90131183637769
21-06-26 22:57:56,COMMISSION,-0.00000157,BTC,BTCUSD_PERP,90131183637775
21-06-26 22:57:56,COMMISSION,-0.00149956,BTC,BTCUSD_PERP,90131183637765
21-06-26 22:57:56,COMMISSION,-0.00000944,BTC,BTCUSD_PERP,90131183637761
21-06-26 22:57:56,REALIZED_PNL,-0.00004933,BTC,BTCUSD_PERP,90131183637776
21-06-26 22:57:56,REALIZED_PNL,-0.00509693,BTC,BTCUSD_PERP,90131183637779
21-06-26 22:57:56,COMMISSION,-0.00016204,BTC,BTCUSD_PERP,90131183637779
21-06-26 22:57:56,COMMISSION,-0.00000157,BTC,BTCUSD_PERP,90131183637782
21-06-26 22:57:56,REALIZED_PNL,-0.00004955,BTC,BTCUSD_PERP,90131183637783
21-06-26 22:57:56,REALIZED_PNL,-0.00024801,BTC,BTCUSD_PERP,90131183637784
21-06-26 22:57:56,COMMISSION,-0.00031464,BTC,BTCUSD_PERP,90131183637785
21-06-26 22:57:56,REALIZED_PNL,-0.00009807,BTC,BTCUSD_PERP,90131183637768
21-06-26 22:57:56,REALIZED_PNL,-0.00139084,BTC,BTCUSD_PERP,90131183637788
21-06-26 22:57:56,COMMISSION,-0.00013686,BTC,BTCUSD_PERP,90131183637790
21-06-26 22:57:56,REALIZED_PNL,-0.00992073,BTC,BTCUSD_PERP,90131183637785
21-06-26 22:57:58,REALIZED_PNL,-0.00004941,BTC,BTCUSD_PERP,90131183637805
21-06-26 22:57:58,COMMISSION,-0.00000157,BTC,BTCUSD_PERP,90131183637805
21-06-26 22:58:18,COMMISSION,-0.00227561,BTC,BTCUSD_PERP,90130183637943
21-06-26 23:11:25,COMMISSION,-0.00035664,BTC,BTCUSD_PERP,90131183645000
21-06-26 23:11:25,REALIZED_PNL,-0.00190041,BTC,BTCUSD_PERP,90131183645001
21-06-26 23:11:25,COMMISSION,-0.00015642,BTC,BTCUSD_PERP,90131183645001
21-06-26 23:11:25,COMMISSION,-0.0002315,BTC,BTCUSD_PERP,90131183645004
21-06-26 23:11:25,REALIZED_PNL,-0.00190237,BTC,BTCUSD_PERP,90131183645005
21-06-26 23:11:25,REALIZED_PNL,-0.00846992,BTC,BTCUSD_PERP,90131183645006
21-06-26 23:11:25,COMMISSION,-0.00069607,BTC,BTCUSD_PERP,90131183645006
21-06-26 23:11:25,COMMISSION,-0.00031284,BTC,BTCUSD_PERP,90131183645002
21-06-26 23:11:25,COMMISSION,-0.00035195,BTC,BTCUSD_PERP,90131183645003
21-06-26 23:11:25,REALIZED_PNL,-0.00281551,BTC,BTCUSD_PERP,90131183645004
21-06-26 23:11:25,COMMISSION,-0.00015642,BTC,BTCUSD_PERP,90131183645005
21-06-26 23:11:25,REALIZED_PNL,-0.00433071,BTC,BTCUSD_PERP,90131183645000
21-06-26 23:11:25,REALIZED_PNL,-0.00380279,BTC,BTCUSD_PERP,90131183645002
21-06-26 23:11:25,REALIZED_PNL,-0.00427814,BTC,BTCUSD_PERP,90131183645003
21-06-26 23:11:37,COMMISSION,-0.00015664,BTC,BTCUSD_PERP,90130183645363
21-06-26 23:11:37,COMMISSION,-0.00000626,BTC,BTCUSD_PERP,90130183645360
21-06-26 23:11:37,COMMISSION,-0.00001096,BTC,BTCUSD_PERP,90130183645357
21-06-26 23:11:37,COMMISSION,-0.00000939,BTC,BTCUSD_PERP,90130183645361
21-06-26 23:11:37,COMMISSION,-0.00000939,BTC,BTCUSD_PERP,90130183645364
21-06-26 23:11:37,COMMISSION,-0.00008145,BTC,BTCUSD_PERP,90130183645365
21-06-26 23:11:37,COMMISSION,-0.00012531,BTC,BTCUSD_PERP,90130183645362
21-06-26 23:11:37,COMMISSION,-0.00001566,BTC,BTCUSD_PERP,90130183645358
21-06-26 23:11:37,COMMISSION,-0.00032895,BTC,BTCUSD_PERP,90130183645359
21-06-26 23:57:57,COMMISSION,-0.00073859,BTC,BTCUSD_PERP,90131183665368
21-06-26 23:57:57,REALIZED_PNL,-0.01092173,BTC,BTCUSD_PERP,90131183665368
21-06-27 00:03:47,COMMISSION,-0.00004358,BTC,BTCUSD_PERP,90130183677004
21-06-27 00:03:47,COMMISSION,-0.00014944,BTC,BTCUSD_PERP,90130183677003
21-06-27 00:06:30,REALIZED_PNL,0.00047483,BTC,BTCUSD_PERP,90131183679178
21-06-27 00:06:30,REALIZED_PNL,0.00107461,BTC,BTCUSD_PERP,90131183679179
21-06-27 00:06:30,COMMISSION,-0.00005939,BTC,BTCUSD_PERP,90131183679178
21-06-27 00:06:30,COMMISSION,-0.00013441,BTC,BTCUSD_PERP,90131183679179
21-06-27 00:10:35,COMMISSION,-0.00000929,BTC,BTCUSD_PERP,90131183682027
21-06-27 00:10:35,COMMISSION,-0.00015485,BTC,BTCUSD_PERP,90131183682028
21-06-27 00:10:35,COMMISSION,-0.00008052,BTC,BTCUSD_PERP,90131183682029
21-06-27 00:16:15,REALIZED_PNL,0.00021901,BTC,BTCUSD_PERP,90130183693782
21-06-27 00:16:15,COMMISSION,-0.00017053,BTC,BTCUSD_PERP,90130183693783
21-06-27 00:16:15,REALIZED_PNL,0.00082737,BTC,BTCUSD_PERP,90130183693785
21-06-27 00:16:15,COMMISSION,-0.00005223,BTC,BTCUSD_PERP,90130183693785
21-06-27 00:16:15,COMMISSION,-0.00001382,BTC,BTCUSD_PERP,90130183693782
21-06-27 00:16:15,REALIZED_PNL,0.00009733,BTC,BTCUSD_PERP,90130183693784
21-06-27 00:16:15,REALIZED_PNL,0.00270113,BTC,BTCUSD_PERP,90130183693783
21-06-27 00:16:15,COMMISSION,-0.00000614,BTC,BTCUSD_PERP,90130183693784
21-06-27 00:17:08,COMMISSION,-0.00004616,BTC,BTCUSD_PERP,90131183694745
21-06-27 00:17:08,COMMISSION,-0.00015389,BTC,BTCUSD_PERP,90131183694743
21-06-27 00:17:08,COMMISSION,-0.0000754,BTC,BTCUSD_PERP,90131183694746
21-06-27 00:17:08,COMMISSION,-0.00012311,BTC,BTCUSD_PERP,90131183694744
21-06-27 00:32:14,REALIZED_PNL,0.0010757,BTC,BTCUSD_PERP,90130183709117
21-06-27 00:32:14,COMMISSION,-0.00039805,BTC,BTCUSD_PERP,90130183709117
21-06-27 00:32:31,COMMISSION,-0.00009236,BTC,BTCUSD_PERP,90130183709899
21-06-27 00:32:31,COMMISSION,-0.00006157,BTC,BTCUSD_PERP,90130183709900
21-06-27 00:32:31,COMMISSION,-0.00015855,BTC,BTCUSD_PERP,90130183709901
21-06-27 00:32:31,COMMISSION,-0.00009236,BTC,BTCUSD_PERP,90130183709898
21-06-27 00:42:35,COMMISSION,-0.00003714,BTC,BTCUSD_PERP,90131183717743
21-06-27 00:42:35,REALIZED_PNL,0.00166962,BTC,BTCUSD_PERP,90131183717745
21-06-27 00:42:35,REALIZED_PNL,0.0004007,BTC,BTCUSD_PERP,90131183717743
21-06-27 00:42:35,REALIZED_PNL,0.0004174,BTC,BTCUSD_PERP,90131183717744
21-06-27 00:42:35,REALIZED_PNL,0.00023374,BTC,BTCUSD_PERP,90131183717747
21-06-27 00:42:35,COMMISSION,-0.00002166,BTC,BTCUSD_PERP,90131183717747
21-06-27 00:42:35,REALIZED_PNL,0.00166962,BTC,BTCUSD_PERP,90131183717746
21-06-27 00:42:35,COMMISSION,-0.00003869,BTC,BTCUSD_PERP,90131183717744
21-06-27 00:42:35,COMMISSION,-0.00015477,BTC,BTCUSD_PERP,90131183717745
21-06-27 00:42:35,COMMISSION,-0.00015477,BTC,BTCUSD_PERP,90131183717746
21-06-27 00:42:58,COMMISSION,-0.00048446,BTC,BTCUSD_PERP,90131183717870
21-06-27 00:47:48,REALIZED_PNL,-0.00450849,BTC,BTCUSD_PERP,90130183721824
21-06-27 00:47:48,COMMISSION,-0.00009808,BTC,BTCUSD_PERP,90130183721825
21-06-27 00:47:48,COMMISSION,-0.0003892,BTC,BTCUSD_PERP,90130183721824
21-06-27 00:47:48,REALIZED_PNL,-0.00113614,BTC,BTCUSD_PERP,90130183721825
21-06-27 00:47:56,COMMISSION,-0.00012446,BTC,BTCUSD_PERP,90131183721977
21-06-27 00:47:56,COMMISSION,-0.00000155,BTC,BTCUSD_PERP,90131183721978
21-06-27 00:47:56,COMMISSION,-0.000028,BTC,BTCUSD_PERP,90131183721980
21-06-27 00:47:56,COMMISSION,-0.00012445,BTC,BTCUSD_PERP,90131183721979
21-06-27 00:50:40,COMMISSION,-0.00000155,BTC,BTCUSD_PERP,90131183723550
21-06-27 00:50:40,COMMISSION,-0.0000031,BTC,BTCUSD_PERP,90131183723551
21-06-27 00:50:53,WITHDRAW,-0.00012495,BTC,,67358953973
21-06-27 01:04:31,WITHDRAW,-0.001,BTC,,67359570325
21-06-27 01:10:46,REALIZED_PNL,0.00069343,BTC,BTCUSD_PERP,90130183732628
21-06-27 01:10:46,REALIZED_PNL,0.00080217,BTC,BTCUSD_PERP,90130183732629
21-06-27 01:10:46,REALIZED_PNL,0.00353697,BTC,BTCUSD_PERP,90130183732630
21-06-27 01:10:46,COMMISSION,-0.00019736,BTC,BTCUSD_PERP,90130183732630
21-06-27 01:10:46,COMMISSION,-0.00003854,BTC,BTCUSD_PERP,90130183732628
21-06-27 01:10:46,COMMISSION,-0.00004471,BTC,BTCUSD_PERP,90130183732629
21-06-27 01:10:53,COMMISSION,-0.00014647,BTC,BTCUSD_PERP,90131183732635
21-06-27 01:10:53,COMMISSION,-0.00030991,BTC,BTCUSD_PERP,90131183732636
21-06-27 01:31:01,REALIZED_PNL,0.00733594,BTC,BTCUSD_PERP,90130183752216
21-06-27 01:31:01,COMMISSION,-0.00036175,BTC,BTCUSD_PERP,90130183752216
21-06-27 01:31:01,COMMISSION,-0.00009005,BTC,BTCUSD_PERP,90130183752217
21-06-27 01:31:01,REALIZED_PNL,0.00182624,BTC,BTCUSD_PERP,90130183752217
21-06-27 01:34:53,COMMISSION,-0.00022878,BTC,BTCUSD_PERP,90130183756948
21-06-27 01:34:53,COMMISSION,-0.00057195,BTC,BTCUSD_PERP,90130183756949
21-06-27 02:23:06,REALIZED_PNL,-0.00309669,BTC,BTCUSD_PERP,90131183781775
21-06-27 02:23:06,COMMISSION,-0.00044117,BTC,BTCUSD_PERP,90131183781769
21-06-27 02:23:06,COMMISSION,-0.0000758,BTC,BTCUSD_PERP,90131183781770
21-06-27 02:23:06,COMMISSION,-0.00000606,BTC,BTCUSD_PERP,90131183781771
21-06-27 02:23:06,COMMISSION,-0.00000151,BTC,BTCUSD_PERP,90131183781772
21-06-27 02:23:06,COMMISSION,-0.00001515,BTC,BTCUSD_PERP,90131183781773
21-06-27 02:23:06,REALIZED_PNL,-0.00001843,BTC,BTCUSD_PERP,90131183781772
21-06-27 02:23:06,COMMISSION,-0.00025316,BTC,BTCUSD_PERP,90131183781775
21-06-27 02:23:06,REALIZED_PNL,-0.0001846,BTC,BTCUSD_PERP,90131183781773
21-06-27 02:23:06,REALIZED_PNL,-0.00007306,BTC,BTCUSD_PERP,90131183781771
21-06-27 02:23:06,REALIZED_PNL,-0.00531578,BTC,BTCUSD_PERP,90131183781769
21-06-27 02:23:06,REALIZED_PNL,-0.00091336,BTC,BTCUSD_PERP,90131183781770
21-06-27 02:23:06,COMMISSION,-0.00000303,BTC,BTCUSD_PERP,90131183781774
21-06-27 02:23:06,REALIZED_PNL,-0.00003701,BTC,BTCUSD_PERP,90131183781774
21-06-27 02:30:21,COMMISSION,-0.00021943,BTC,BTCUSD_PERP,90130183790096
21-06-27 02:55:53,REALIZED_PNL,0.00057327,BTC,BTCUSD_PERP,90131183801228
21-06-27 02:55:53,COMMISSION,-0.00000151,BTC,BTCUSD_PERP,90131183801227
21-06-27 02:55:53,REALIZED_PNL,0.00000401,BTC,BTCUSD_PERP,90131183801227
21-06-27 02:55:53,COMMISSION,-0.0002182,BTC,BTCUSD_PERP,90131183801228
21-06-27 03:18:37,COMMISSION,-0.00015141,BTC,BTCUSD_PERP,90131183809292
21-06-27 03:18:37,COMMISSION,-0.00008781,BTC,BTCUSD_PERP,90131183809293
21-06-27 03:29:37,REALIZED_PNL,-0.0019108,BTC,BTCUSD_PERP,90130183814226
21-06-27 03:29:37,REALIZED_PNL,-0.00211379,BTC,BTCUSD_PERP,90130183814224
21-06-27 03:29:37,COMMISSION,-0.00012672,BTC,BTCUSD_PERP,90130183814224
21-06-27 03:29:37,COMMISSION,-0.00000152,BTC,BTCUSD_PERP,90130183814225
21-06-27 03:29:37,COMMISSION,-0.000113,BTC,BTCUSD_PERP,90130183814226
21-06-27 03:29:37,REALIZED_PNL,-0.00002556,BTC,BTCUSD_PERP,90130183814225
21-06-27 03:29:52,COMMISSION,-0.00002442,BTC,BTCUSD_PERP,90131183814584
21-06-27 03:29:52,COMMISSION,-0.00004885,BTC,BTCUSD_PERP,90131183814585
21-06-27 04:04:29,REALIZED_PNL,0.0020602,BTC,BTCUSD_PERP,90130183831768
21-06-27 04:04:29,COMMISSION,-0.00007225,BTC,BTCUSD_PERP,90130183831768
21-06-27 04:04:45,COMMISSION,-0.00018222,BTC,BTCUSD_PERP,90130183831956
21-06-27 05:46:15,REALIZED_PNL,0.00131718,BTC,BTCUSD_PERP,90131183872472
21-06-27 05:46:15,REALIZED_PNL,0.00257012,BTC,BTCUSD_PERP,90131183872471
21-06-27 05:46:15,COMMISSION,-0.0000624,BTC,BTCUSD_PERP,90131183872472
21-06-27 05:46:15,COMMISSION,-0.00012176,BTC,BTCUSD_PERP,90131183872471
21-06-27 05:46:34,COMMISSION,-0.00026966,BTC,BTCUSD_PERP,90130183872836
21-06-27 05:46:34,COMMISSION,-0.00001675,BTC,BTCUSD_PERP,90130183872835
21-06-27 05:46:34,COMMISSION,-0.00003961,BTC,BTCUSD_PERP,90130183872834
21-06-27 06:07:05,COMMISSION,-0.00032393,BTC,BTCUSD_PERP,90131183878661
21-06-27 06:07:05,REALIZED_PNL,-0.004195,BTC,BTCUSD_PERP,90131183878661
21-06-27 06:07:30,COMMISSION,-0.00011648,BTC,BTCUSD_PERP,90130183879653
21-06-27 07:33:27,COMMISSION,-0.00011576,BTC,BTCUSD_PERP,90131183907740
21-06-27 07:33:27,REALIZED_PNL,-0.00143468,BTC,BTCUSD_PERP,90131183907740
21-06-27 11:46:14,COMMISSION,-0.00004242,BTC,BTCUSD_PERP,90130184046729
21-06-27 11:54:09,REALIZED_PNL,-0.00061481,BTC,BTCUSD_PERP,90131184051787
21-06-27 11:54:09,COMMISSION,-0.00004212,BTC,BTCUSD_PERP,90131184051787
21-06-27 11:59:56,COMMISSION,-0.00001053,BTC,BTCUSD_PERP,90130184057849
21-06-27 12:00:27,REALIZED_PNL,-0.00008644,BTC,BTCUSD_PERP,90131184059173
21-06-27 12:00:27,COMMISSION,-0.00001049,BTC,BTCUSD_PERP,90131184059173
21-06-27 12:20:25,COMMISSION,-0.00000451,BTC,BTCUSD_PERP,90130184069212
21-06-27 12:32:08,COMMISSION,-0.00000449,BTC,BTCUSD_PERP,90131184073483
21-06-27 12:32:08,REALIZED_PNL,-0.00004345,BTC,BTCUSD_PERP,90131184073483
21-06-29 01:51:07,DEPOSIT,0.00113034,BNB,,67532853358
21-06-29 01:51:14,COMMISSION,-0.00001697,BNB,BNBUSD_PERP,9017077321496
21-06-29 11:04:09,INSURANCE_CLEAR,-0.00032515,BNB,BNBUSD_PERP,462211669162164224
21-06-29 11:04:09,REALIZED_PNL,-0.00144225,BNB,BNBUSD_PERP,9017177413041
21-07-06 01:01:50,WITHDRAW,-0.00047449,BNB,,68244910903
21-07-06 03:12:33,DEPOSIT,0.0005244,BNB,,68258726306
21-07-06 04:14:02,DEPOSIT,0.00052813,BNB,,68266890802
21-07-06 04:14:51,WITHDRAW,-0.00003326,BTC,,68267018398
21-07-06 04:16:10,DEPOSIT,0.00003326,BTC,,68267231906
21-07-06 04:19:32,COMMISSION,-0.00000144,BTC,BTCUSD_PERP,90130189690322
21-07-06 05:16:18,COMMISSION,-0.00000143,BTC,BTCUSD_PERP,90131189721542
21-07-06 05:16:18,REALIZED_PNL,-0.00002111,BTC,BTCUSD_PERP,90131189721542
21-07-06 08:08:59,WITHDRAW,-0.00000928,BTC,,68296300671
21-07-06 12:16:45,DEPOSIT,0.00117549,BNB,,68328033752
21-07-06 12:16:51,COMMISSION,-0.00001599,BNB,BNBUSD_PERP,9017079013586
21-07-06 16:00:00,FUNDING_FEE,-0.0000099,BNB,BNBUSD_PERP,4648228391907167530
21-07-07 00:00:00,FUNDING_FEE,-0.00000424,BNB,BNBUSD_PERP,4649436319204969900
21-07-07 03:25:04,INSURANCE_CLEAR,-0.00030549,BNB,BNBUSD_PERP,464995238708215808
21-07-07 03:25:04,REALIZED_PNL,-0.00143906,BNB,BNBUSD_PERP,9017179166035
21-07-07 16:39:05,DEPOSIT,0.00009401,BTC,,68503817213
21-07-07 16:41:01,COMMISSION,-0.00000288,BTC,BTCUSD_PERP,90131190563529
21-07-07 18:04:56,COMMISSION,-0.00000143,BTC,BTCUSD_PERP,90130190579265
21-07-07 18:04:56,REALIZED_PNL,0.00001098,BTC,BTCUSD_PERP,90130190579266
21-07-07 18:04:56,REALIZED_PNL,0.00001098,BTC,BTCUSD_PERP,90130190579265
21-07-07 18:04:56,COMMISSION,-0.00000143,BTC,BTCUSD_PERP,90130190579266
21-07-07 18:05:03,COMMISSION,-0.00000287,BTC,BTCUSD_PERP,90131190579354
21-07-07 21:21:15,REALIZED_PNL,-0.00007432,BTC,BTCUSD_PERP,90130190611666
21-07-07 21:21:15,COMMISSION,-0.00000291,BTC,BTCUSD_PERP,90130190611666
21-07-07 21:22:08,WITHDRAW,-0.00003013,BTC,,68531655098
21-07-07 21:22:42,DEPOSIT,0.00303654,BNB,,68531738087
21-07-07 21:22:50,COMMISSION,-0.00002997,BNB,BNBUSD_PERP,9017079340308
21-07-07 23:14:50,COMMISSION,-0.00001526,BNB,BNBUSD_PERP,9017079359681
21-07-07 23:53:12,COMMISSION,-0.00004568,BNB,BNBUSD_PERP,9017179367011
21-07-07 23:53:12,REALIZED_PNL,0.00088381,BNB,BNBUSD_PERP,9017179367011
21-07-07 23:53:16,COMMISSION,-0.00003046,BNB,BNBUSD_PERP,9017079367030
21-07-08 00:00:39,COMMISSION,-0.00001535,BNB,BNBUSD_PERP,9017079369833
21-07-08 00:23:50,REALIZED_PNL,0.00130932,BNB,BNBUSD_PERP,9017179378541
21-07-08 00:23:50,COMMISSION,-0.00004647,BNB,BNBUSD_PERP,9017179378541
21-07-08 00:23:57,COMMISSION,-0.00004643,BNB,BNBUSD_PERP,9017179378588
21-07-08 07:41:24,INSURANCE_CLEAR,-0.00096118,BNB,BNBUSD_PERP,465422136387010560
21-07-08 07:41:24,REALIZED_PNL,-0.00323916,BNB,BNBUSD_PERP,9017079488896
21-07-11 08:19:32,DEPOSIT,0.00547647,BNB,,68923660192
21-07-11 08:19:48,COMMISSION,-0.0000633,BNB,BNBUSD_PERP,9017080068353
21-07-11 15:17:10,REALIZED_PNL,-0.00371338,BNB,BNBUSD_PERP,9017180117955
21-07-11 15:17:10,INSURANCE_CLEAR,-0.0012289,BNB,BNBUSD_PERP,466623999589449728
21-07-15 01:22:36,DEPOSIT,0.00487471,BNB,,69327281681
21-07-15 01:22:44,COMMISSION,-0.00006396,BNB,BNBUSD_PERP,9017080833242
21-07-15 02:14:43,REALIZED_PNL,0.00123319,BNB,BNBUSD_PERP,9017180839966
21-07-15 02:14:43,COMMISSION,-0.00006458,BNB,BNBUSD_PERP,9017180839966
21-07-15 02:14:48,COMMISSION,-0.00006463,BNB,BNBUSD_PERP,9017180840027
21-07-15 08:00:00,FUNDING_FEE,0.00001519,BNB,BNBUSD_PERP,4679635307501654770
21-07-15 11:10:07,COMMISSION,-0.00006385,BNB,BNBUSD_PERP,9017080986481
21-07-15 11:10:07,REALIZED_PNL,0.00155805,BNB,BNBUSD_PERP,9017080986481
21-07-15 11:10:16,COMMISSION,-0.00007985,BNB,BNBUSD_PERP,9017080986534
21-07-15 13:45:59,COMMISSION,-0.00003241,BNB,BNBUSD_PERP,9017081038396
21-07-15 16:00:00,FUNDING_FEE,-0.00018033,BNB,BNBUSD_PERP,4680843267305312750
21-07-15 20:00:59,REALIZED_PNL,-0.00336711,BNB,BNBUSD_PERP,9017181112651
21-07-15 20:00:59,INSURANCE_CLEAR,-0.00221171,BNB,BNBUSD_PERP,468144974017560576
21-07-15 23:28:05,COMMISSION,-0.00003163,BNB,BNBUSD_PERP,9017081142387
21-07-16 00:00:00,FUNDING_FEE,-0.00007064,BNB,BNBUSD_PERP,4682051227234795830
21-07-16 08:00:00,FUNDING_FEE,-0.00006978,BNB,BNBUSD_PERP,4683259215769439800
21-07-16 11:47:14,REALIZED_PNL,0.0026718,BNB,BNBUSD_PERP,9017181277571
21-07-16 11:47:14,COMMISSION,-0.00003297,BNB,BNBUSD_PERP,9017181277571
21-07-16 11:47:21,COMMISSION,-0.00004944,BNB,BNBUSD_PERP,9017181277574
21-07-16 15:10:57,COMMISSION,-0.00004857,BNB,BNBUSD_PERP,9017081323901
21-07-16 15:10:57,REALIZED_PNL,0.00174758,BNB,BNBUSD_PERP,9017081323901
21-07-16 15:11:01,COMMISSION,-0.00006474,BNB,BNBUSD_PERP,9017081323906
21-07-16 16:00:00,FUNDING_FEE,-0.00008027,BNB,BNBUSD_PERP,4684467147597087280
21-07-17 07:40:23,COMMISSION,-0.00003339,BNB,BNBUSD_PERP,9017081481980
21-07-17 08:00:00,FUNDING_FEE,-0.00023789,BNB,BNBUSD_PERP,4686883065862227460
21-07-17 16:00:00,FUNDING_FEE,-0.0001471,BNB,BNBUSD_PERP,4688091025288399630
21-07-18 00:00:00,FUNDING_FEE,-0.0001511,BNB,BNBUSD_PERP,4689298984169312710
21-07-18 01:29:33,INSURANCE_CLEAR,-0.00194417,BNB,BNBUSD_PERP,468952436463337472
21-07-18 01:29:33,REALIZED_PNL,-0.00187412,BNB,BNBUSD_PERP,9017181632592
21-07-18 15:29:16,COMMISSION,-0.00001654,BNB,BNBUSD_PERP,9017081724434
21-07-18 16:00:00,FUNDING_FEE,-0.00003188,BNB,BNBUSD_PERP,4691714903566912140
21-07-19 00:00:00,FUNDING_FEE,-0.00001504,BNB,BNBUSD_PERP,4692922863202798390
21-07-19 08:00:00,FUNDING_FEE,-0.00001131,BNB,BNBUSD_PERP,4694130852114927360
21-07-19 12:56:46,COMMISSION,-0.00001769,BNB,BNBUSD_PERP,9017181898645
21-07-19 12:56:46,REALIZED_PNL,0.00229907,BNB,BNBUSD_PERP,9017181898645
21-07-19 12:56:53,COMMISSION,-0.00003537,BNB,BNBUSD_PERP,9017081898664
21-07-19 16:00:00,FUNDING_FEE,-0.0000432,BNB,BNBUSD_PERP,4695338809779488270
21-07-20 00:33:11,COMMISSION,-0.00003546,BNB,BNBUSD_PERP,9017182016746
21-07-20 00:33:11,REALIZED_PNL,0.00016838,BNB,BNBUSD_PERP,9017182016746
21-07-20 01:33:05,COMMISSION,-0.00003658,BNB,BNBUSD_PERP,9017182035187
21-07-20 03:18:48,INSURANCE_CLEAR,-0.00076596,BNB,BNBUSD_PERP,469704704561217536
21-07-20 03:18:48,REALIZED_PNL,-0.00342637,BNB,BNBUSD_PERP,9017082073068
21-07-29 05:22:29,DEPOSIT,0.01319,BTC,,70861976046
21-07-29 05:22:44,COMMISSION,-0.00010548,BTC,BTCUSD_PERP,90130203943940
21-07-29 05:22:44,COMMISSION,-0.00018837,BTC,BTCUSD_PERP,90130203943941
21-07-29 05:22:44,COMMISSION,-0.00000879,BTC,BTCUSD_PERP,90130203943943
21-07-29 05:22:44,COMMISSION,-0.00018837,BTC,BTCUSD_PERP,90130203943942
21-07-29 05:40:09,COMMISSION,-0.0002178,BTC,BTCUSD_PERP,90131203956656
21-07-29 05:40:09,REALIZED_PNL,-0.00002233,BTC,BTCUSD_PERP,90131203956655
21-07-29 05:40:09,COMMISSION,-0.00000497,BTC,BTCUSD_PERP,90131203956653
21-07-29 05:40:09,REALIZED_PNL,-0.00392352,BTC,BTCUSD_PERP,90131203956656
21-07-29 05:40:09,COMMISSION,-0.00015059,BTC,BTCUSD_PERP,90131203956658
21-07-29 05:40:09,REALIZED_PNL,-0.00002218,BTC,BTCUSD_PERP,90131203956654
21-07-29 05:40:09,COMMISSION,-0.00000124,BTC,BTCUSD_PERP,90131203956654
21-07-29 05:40:09,COMMISSION,-0.00000124,BTC,BTCUSD_PERP,90131203956655
21-07-29 05:40:09,REALIZED_PNL,-0.0019155,BTC,BTCUSD_PERP,90131203956652
21-07-29 05:40:09,REALIZED_PNL,-0.0000449,BTC,BTCUSD_PERP,90131203956657
21-07-29 05:40:09,REALIZED_PNL,-0.00008856,BTC,BTCUSD_PERP,90131203956653
21-07-29 05:40:09,COMMISSION,-0.00010829,BTC,BTCUSD_PERP,90131203956652
21-07-29 05:40:09,COMMISSION,-0.00000248,BTC,BTCUSD_PERP,90131203956657
21-07-29 05:40:09,REALIZED_PNL,-0.00272408,BTC,BTCUSD_PERP,90131203956658
21-07-29 05:41:06,COMMISSION,-0.00012587,BTC,BTCUSD_PERP,90130203960734
21-07-29 05:51:12,COMMISSION,-0.00000498,BTC,BTCUSD_PERP,90131203972905
21-07-29 05:51:12,COMMISSION,-0.00000124,BTC,BTCUSD_PERP,90131203972906
21-07-29 05:51:12,REALIZED_PNL,-0.00000024,BTC,BTCUSD_PERP,90131203972906
21-07-29 05:51:12,REALIZED_PNL,-0.00000096,BTC,BTCUSD_PERP,90131203972905
21-07-29 05:51:12,COMMISSION,-0.00001246,BTC,BTCUSD_PERP,90131203972907
21-07-29 05:51:12,REALIZED_PNL,-0.00002083,BTC,BTCUSD_PERP,90131203972908
21-07-29 05:51:12,REALIZED_PNL,-0.00000242,BTC,BTCUSD_PERP,90131203972907
21-07-29 05:51:12,COMMISSION,-0.00010716,BTC,BTCUSD_PERP,90131203972908
21-07-29 05:53:33,COMMISSION,-0.00011698,BTC,BTCUSD_PERP,90130203975298
21-07-29 06:04:29,COMMISSION,-0.00000871,BTC,BTCUSD_PERP,90130203979564
21-07-29 06:14:54,COMMISSION,-0.00001622,BTC,BTCUSD_PERP,90130203982161
21-07-29 06:14:54,COMMISSION,-0.00000124,BTC,BTCUSD_PERP,90130203982160
21-07-29 06:56:21,COMMISSION,-0.00003257,BTC,BTCUSD_PERP,90130203994949
21-07-29 07:31:38,REALIZED_PNL,0.00000045,BTC,BTCUSD_PERP,90131204007686
21-07-29 07:31:38,COMMISSION,-0.00000249,BTC,BTCUSD_PERP,90131204007686
21-07-29 07:31:38,REALIZED_PNL,0.00000904,BTC,BTCUSD_PERP,90131204007687
21-07-29 07:31:38,COMMISSION,-0.00012341,BTC,BTCUSD_PERP,90131204007685
21-07-29 07:31:38,REALIZED_PNL,0.00002239,BTC,BTCUSD_PERP,90131204007685
21-07-29 07:31:38,COMMISSION,-0.00004986,BTC,BTCUSD_PERP,90131204007687
21-07-29 07:33:10,DEPOSIT,0.00917182,BTC,,70869368015
21-07-29 07:34:02,COMMISSION,-0.00000499,BTC,BTCUSD_PERP,90130204008473
21-07-29 07:34:02,COMMISSION,-0.00003247,BTC,BTCUSD_PERP,90130204008469
21-07-29 07:34:02,COMMISSION,-0.00001873,BTC,BTCUSD_PERP,90130204008470
21-07-29 07:34:02,COMMISSION,-0.00018859,BTC,BTCUSD_PERP,90130204008472
21-07-29 07:34:02,COMMISSION,-0.00003122,BTC,BTCUSD_PERP,90130204008468
21-07-29 07:34:02,COMMISSION,-0.00012489,BTC,BTCUSD_PERP,90130204008467
21-07-29 07:34:02,COMMISSION,-0.00000124,BTC,BTCUSD_PERP,90130204008471
21-07-29 07:38:14,COMMISSION,-0.00000125,BTC,BTCUSD_PERP,90130204009956
21-07-29 07:38:14,COMMISSION,-0.0000275,BTC,BTCUSD_PERP,90130204009957
21-07-29 07:58:35,COMMISSION,-0.00004139,BTC,BTCUSD_PERP,90130204017304
21-07-29 07:58:35,COMMISSION,-0.00000125,BTC,BTCUSD_PERP,90130204017303
21-07-29 07:58:35,COMMISSION,-0.00004515,BTC,BTCUSD_PERP,90130204017302
21-07-29 08:00:00,FUNDING_FEE,0.00010393,BTC,BTCUSD_PERP,4730369606717198540
21-07-29 08:22:39,REALIZED_PNL,0.00191801,BTC,BTCUSD_PERP,90131204033983
21-07-29 08:22:39,COMMISSION,-0.00012557,BTC,BTCUSD_PERP,90131204033982
21-07-29 08:22:39,COMMISSION,-0.0001871,BTC,BTCUSD_PERP,90131204033981
21-07-29 08:22:39,REALIZED_PNL,0.00115542,BTC,BTCUSD_PERP,90131204033982
21-07-29 08:22:39,COMMISSION,-0.00020845,BTC,BTCUSD_PERP,90131204033983
21-07-29 08:22:39,REALIZED_PNL,0.00172158,BTC,BTCUSD_PERP,90131204033981
21-07-29 08:22:50,COMMISSION,-0.00000125,BTC,BTCUSD_PERP,90130204034297
21-07-29 08:22:50,COMMISSION,-0.00000125,BTC,BTCUSD_PERP,90130204034293
21-07-29 08:22:50,COMMISSION,-0.00002511,BTC,BTCUSD_PERP,90130204034292
21-07-29 08:22:50,COMMISSION,-0.00000125,BTC,BTCUSD_PERP,90130204034285
21-07-29 08:22:50,COMMISSION,-0.00012558,BTC,BTCUSD_PERP,90130204034298
21-07-29 08:22:50,COMMISSION,-0.00012558,BTC,BTCUSD_PERP,90130204034288
21-07-29 08:22:50,COMMISSION,-0.00001004,BTC,BTCUSD_PERP,90130204034291
21-07-29 08:22:50,COMMISSION,-0.00000125,BTC,BTCUSD_PERP,90130204034295
21-07-29 08:22:50,COMMISSION,-0.00001632,BTC,BTCUSD_PERP,90130204034299
21-07-29 08:22:50,COMMISSION,-0.00000125,BTC,BTCUSD_PERP,90130204034290
21-07-29 08:22:50,COMMISSION,-0.00014442,BTC,BTCUSD_PERP,90130204034296
21-07-29 08:22:50,COMMISSION,-0.00001255,BTC,BTCUSD_PERP,90130204034287
21-07-29 08:22:50,COMMISSION,-0.00000125,BTC,BTCUSD_PERP,90130204034282
21-07-29 08:22:50,COMMISSION,-0.00000125,BTC,BTCUSD_PERP,90130204034286
21-07-29 08:22:50,COMMISSION,-0.00000125,BTC,BTCUSD_PERP,90130204034283
21-07-29 08:22:50,COMMISSION,-0.00001255,BTC,BTCUSD_PERP,90130204034284
21-07-29 08:22:50,COMMISSION,-0.00001883,BTC,BTCUSD_PERP,90130204034289
21-07-29 08:22:50,COMMISSION,-0.00001883,BTC,BTCUSD_PERP,90130204034294
21-07-29 09:43:37,REALIZED_PNL,-0.00002688,BTC,BTCUSD_PERP,90131204072378
21-07-29 09:43:37,REALIZED_PNL,-0.01110502,BTC,BTCUSD_PERP,90131204072377
21-07-29 09:43:37,COMMISSION,-0.00051311,BTC,BTCUSD_PERP,90131204072377
21-07-29 09:43:37,COMMISSION,-0.00000124,BTC,BTCUSD_PERP,90131204072378
21-07-29 09:43:50,COMMISSION,-0.00012167,BTC,BTCUSD_PERP,90130204074714
21-07-29 09:47:28,DEPOSIT,0.003894,BTC,,70877118379
21-07-29 09:48:23,COMMISSION,-0.00006775,BTC,BTCUSD_PERP,90130204091347
21-07-29 09:51:47,COMMISSION,-0.00000617,BTC,BTCUSD_PERP,90130204095216
21-07-29 09:51:47,COMMISSION,-0.00003088,BTC,BTCUSD_PERP,90130204095217
21-07-29 09:52:24,REALIZED_PNL,0.00000084,BTC,BTCUSD_PERP,90131204096690
21-07-29 09:52:24,REALIZED_PNL,0.00008227,BTC,BTCUSD_PERP,90131204096692
21-07-29 09:52:24,COMMISSION,-0.00010276,BTC,BTCUSD_PERP,90131204096691
21-07-29 09:52:24,COMMISSION,-0.00012133,BTC,BTCUSD_PERP,90131204096692
21-07-29 09:52:24,COMMISSION,-0.00000123,BTC,BTCUSD_PERP,90131204096690
21-07-29 09:52:24,REALIZED_PNL,0.00007019,BTC,BTCUSD_PERP,90131204096691
21-07-29 09:52:24,REALIZED_PNL,0.00000085,BTC,BTCUSD_PERP,90131204096689
21-07-29 09:52:24,COMMISSION,-0.00000123,BTC,BTCUSD_PERP,90131204096689
21-07-29 09:52:52,COMMISSION,-0.00029942,BTC,BTCUSD_PERP,90130204097085
21-07-29 09:52:52,COMMISSION,-0.00004083,BTC,BTCUSD_PERP,90130204097086
21-07-29 10:01:02,COMMISSION,-0.0000657,BTC,BTCUSD_PERP,90130204104746
21-07-29 10:09:51,COMMISSION,-0.00004592,BTC,BTCUSD_PERP,90130204110360
21-07-29 10:17:29,COMMISSION,-0.00012344,BTC,BTCUSD_PERP,90131204115711
21-07-29 10:17:29,REALIZED_PNL,-0.00071784,BTC,BTCUSD_PERP,90131204115710
21-07-29 10:17:29,COMMISSION,-0.00010245,BTC,BTCUSD_PERP,90131204115712
21-07-29 10:17:29,REALIZED_PNL,-0.00071784,BTC,BTCUSD_PERP,90131204115711
21-07-29 10:17:29,REALIZED_PNL,-0.00058863,BTC,BTCUSD_PERP,90131204115713
21-07-29 10:17:29,COMMISSION,-0.00012344,BTC,BTCUSD_PERP,90131204115710
21-07-29 10:17:29,COMMISSION,-0.00010122,BTC,BTCUSD_PERP,90131204115713
21-07-29 10:17:29,REALIZED_PNL,-0.0005958,BTC,BTCUSD_PERP,90131204115712
21-07-29 10:17:48,COMMISSION,-0.00001481,BTC,BTCUSD_PERP,90130204116024
21-07-29 10:17:48,COMMISSION,-0.0000506,BTC,BTCUSD_PERP,90130204116026
21-07-29 10:17:48,COMMISSION,-0.00011602,BTC,BTCUSD_PERP,90130204116025
21-07-29 10:27:48,COMMISSION,-0.00005698,BTC,BTCUSD_PERP,90130204122514
21-07-29 10:28:51,COMMISSION,-0.00000867,BTC,BTCUSD_PERP,90130204122589
21-07-29 10:30:10,COMMISSION,-0.00000991,BTC,BTCUSD_PERP,90130204123074
21-07-29 10:36:00,COMMISSION,-0.00001612,BTC,BTCUSD_PERP,90130204124899
21-07-29 10:40:48,COMMISSION,-0.00006592,BTC,BTCUSD_PERP,90130204127805
21-07-29 10:41:23,COMMISSION,-0.00002366,BTC,BTCUSD_PERP,90130204128950
21-07-29 10:41:31,COMMISSION,-0.00001122,BTC,BTCUSD_PERP,90130204129712
21-07-29 10:50:50,REALIZED_PNL,0.00107012,BTC,BTCUSD_PERP,90131204135472
21-07-29 10:50:50,REALIZED_PNL,0.00222761,BTC,BTCUSD_PERP,90131204135473
21-07-29 10:50:50,COMMISSION,-0.00012188,BTC,BTCUSD_PERP,90131204135472
21-07-29 10:50:50,COMMISSION,-0.00025372,BTC,BTCUSD_PERP,90131204135473
21-07-29 10:51:01,WITHDRAW,-0.00636128,BTC,,70880734366
21-08-02 22:27:09,DEPOSIT,0.00007021,BNB,,71289317723
21-08-09 12:40:32,DEPOSIT,0.00096166,BNB,,72003486500
21-08-09 12:40:57,COMMISSION,-0.00001404,BNB,BNBUSD_PERP,9017087025269
21-08-09 16:00:00,FUNDING_FEE,0.00000145,BNB,BNBUSD_PERP,4771440235341087100
21-08-10 13:27:30,INSURANCE_CLEAR,-0.00026814,BNB,BNBUSD_PERP,477468034793177088
21-08-10 13:27:30,REALIZED_PNL,-0.00127998,BNB,BNBUSD_PERP,9017187309337
21-08-20 22:11:12,DEPOSIT,0.00111113,BNB,,73588105989
21-08-20 22:11:25,COMMISSION,-0.00001094,BNB,BNBUSD_PERP,9017091013320
21-08-21 00:00:00,FUNDING_FEE,0.00000189,BNB,BNBUSD_PERP,4812510858724968340
21-08-21 08:00:00,FUNDING_FEE,0.00001136,BNB,BNBUSD_PERP,4813718818696397790
21-08-21 16:00:00,FUNDING_FEE,0.00000994,BNB,BNBUSD_PERP,4814926777954798640
21-08-22 00:00:00,FUNDING_FEE,0.00001392,BNB,BNBUSD_PERP,4816134737716512830
21-08-22 08:00:00,FUNDING_FEE,0.0000041,BNB,BNBUSD_PERP,4817342698442918540
21-08-22 16:00:00,FUNDING_FEE,0.00000414,BNB,BNBUSD_PERP,4818550657239943500
21-08-23 00:00:00,FUNDING_FEE,0.00000888,BNB,BNBUSD_PERP,4819758617840520510
21-08-23 04:59:24,REALIZED_PNL,-0.00101107,BNB,BNBUSD_PERP,9017191664790
21-08-23 04:59:24,INSURANCE_CLEAR,-0.00020884,BNB,BNBUSD_PERP,482051209515204608
21-10-16 06:19:09,DEPOSIT,0.00163865,ETH,,81333125068
21-10-16 06:20:08,COMMISSION,-0.0000777,ETH,ETHUSD_PERP,90140229258068
21-10-16 06:55:10,COMMISSION,-0.00000908,ETH,ETHUSD_PERP,90140229265129
21-10-16 07:06:06,COMMISSION,-0.00000909,ETH,ETHUSD_PERP,90140229267293
21-10-16 07:37:45,COMMISSION,-0.00001952,ETH,ETHUSD_PERP,90140229273750
21-10-16 08:00:00,FUNDING_FEE,0.00006456,ETH,ETHUSD_PERP,5016656021631717410
21-10-16 08:06:24,COMMISSION,-0.00011518,ETH,ETHUSD_PERP,90141229280488
21-10-16 08:06:24,REALIZED_PNL,-0.00043952,ETH,ETHUSD_PERP,90141229280488
21-10-16 08:06:33,COMMISSION,-0.00004789,ETH,ETHUSD_PERP,90140229280579
21-10-16 08:14:28,REALIZED_PNL,-0.00055839,ETH,ETHUSD_PERP,90141229286550
21-10-16 08:14:28,INSURANCE_CLEAR,-0.00039664,ETH,ETHUSD_PERP,501669244274466816
21-11-11 04:55:06,DEPOSIT,0.01573186,BNB,,85662332888
21-11-11 04:55:18,COMMISSION,-0.00015417,BNB,BNBUSD_PERP,90170114849893
21-11-11 09:00:16,COMMISSION,-0.00014997,BNB,BNBUSD_PERP,90171114884345
21-11-11 09:00:16,REALIZED_PNL,-0.0084096,BNB,BNBUSD_PERP,90171114884345
21-11-11 09:03:57,COMMISSION,-0.00006313,BNB,BNBUSD_PERP,90170114885204
21-11-11 09:04:55,COMMISSION,-0.00000788,BNB,BNBUSD_PERP,90170114885406
21-11-11 10:30:39,COMMISSION,-0.00000794,BNB,BNBUSD_PERP,90170114896878
21-11-11 12:15:14,COMMISSION,-0.00000799,BNB,BNBUSD_PERP,90170114911576
21-11-11 12:31:27,COMMISSION,-0.00007223,BNB,BNBUSD_PERP,90171114915464
21-11-11 12:31:27,REALIZED_PNL,0.00217406,BNB,BNBUSD_PERP,90171114915464
21-11-11 12:31:31,COMMISSION,-0.00001605,BNB,BNBUSD_PERP,90171114915481
21-11-11 12:31:31,REALIZED_PNL,0.00048956,BNB,BNBUSD_PERP,90171114915481
21-11-11 12:31:36,COMMISSION,-0.00008844,BNB,BNBUSD_PERP,90170114915737
21-11-11 12:31:48,COMMISSION,-0.00000805,BNB,BNBUSD_PERP,90170114916016
21-11-12 10:40:46,COMMISSION,-0.00000324,BNB,BNBUSD_PERP,90170115107271
21-11-12 11:00:19,COMMISSION,-0.00000816,BNB,BNBUSD_PERP,90170115111984
21-11-12 11:09:14,COMMISSION,-0.00000818,BNB,BNBUSD_PERP,90170115113852
21-11-12 21:17:25,REALIZED_PNL,-0.00344157,BNB,BNBUSD_PERP,90171115236706
21-11-12 21:17:25,INSURANCE_CLEAR,-0.00624682,BNB,BNBUSD_PERP,511650753727160320
21-12-02 21:35:17,DEPOSIT,0.00877172,BNB,,89414137492
21-12-02 21:36:01,COMMISSION,-0.00008005,BNB,BNBUSD_PERP,90171120049428
21-12-03 15:56:00,REALIZED_PNL,-0.00469407,BNB,BNBUSD_PERP,90170120169505
21-12-03 15:56:00,INSURANCE_CLEAR,-0.0039976,BNB,BNBUSD_PERP,519180010699350016
21-12-28 23:21:42,DEPOSIT,0.01946772,BNB,,92874465863
21-12-28 23:22:31,COMMISSION,-0.00018605,BNB,BNBUSD_PERP,90171125819634
21-12-29 02:22:48,COMMISSION,-0.00018588,BNB,BNBUSD_PERP,90170125835164
21-12-29 02:22:48,REALIZED_PNL,0.00034515,BNB,BNBUSD_PERP,90170125835164
21-12-29 02:22:58,WITHDRAW,-0.01944094,BNB,,92886761775
